 Experiment N , 100 ,,,,,,,,, bin N ,1000,,aliali,,,,,,,,
,,,,,,,,,,,, 15 ,,,,,,,,,
"""2_DNN_3_None""","""2_Hyperheuristic_3_None""","""5_DNN_3_None""","""5_Hyperheuristic_3_None""","""2_DNN_3_DTS""","""2_Hyperheuristic_3_DTS""","""5_DNN_3_DTS""","""5_Hyperheuristic_3_DTS""",Decima,,,, 429 ," ""2_DNN_3_None"" "," ""2_Hyperheuristic_3_None"" "," ""5_DNN_3_None"" "," ""5_Hyperheuristic_3_None"" "," ""2_DNN_3_DTS"" "," ""2_Hyperheuristic_3_DTS"" "," ""5_DNN_3_DTS"" "," ""5_Hyperheuristic_3_DTS"" ", Decima 
 33 , 216 , 24 , 27 , 16 , 31 , 21 , 56 , 17 ,,, -   , 15 ,0%,0%,0%,0%,4%,0%,1%,0%,1%
 27 , 50 , 22 , 195 , 17 , 147 , 18 , 174 , 16 ,,, 1 , 16 ,0%,0%,0%,0%,8%,0%,6%,0%,5%
 22 , 68 , 21 , 34 , 18 , 23 , 20 , 21 , 16 ,,, 2 , 16 ,0%,0%,0%,0%,17%,0%,14%,0%,32%
 20 , 53 , 27 , 39 , 18 , 290 , 17 , 169 , 17 ,,, 3 , 17 ,0%,0%,0%,0%,30%,0%,22%,0%,57%
 25 , 62 , 22 , 43 , 16 , 75 , 18 , 22 , 16 ,,, 4 , 17 ,0%,0%,0%,0%,42%,0%,30%,0%,74%
 22 , 57 , 31 , 202 , 169 , 57 , 16 , 309 , 18 ,,, 5 , 17 ,0%,0%,0%,0%,56%,0%,40%,0%,80%
 22 , 53 , 23 , 43 , 19 , 33 , 18 , 148 , 17 ,,, 6 , 18 ,0%,0%,0%,0%,65%,0%,49%,0%,84%
 46 , 71 , 32 , 43 , 17 , 30 , 18 , 47 , 16 ,,, 7 , 18 ,0%,0%,0%,0%,73%,0%,55%,0%,90%
 22 , 200 , 23 , 29 , 17 , 32 , 169 , 78 , 18 ,,, 8 , 19 ,0%,0%,0%,0%,79%,2%,62%,0%,95%
 25 , 77 , 28 , 193 , 18 , 164 , 18 , 34 , 21 ,,, 9 , 19 ,1%,0%,1%,0%,81%,2%,64%,0%,96%
 23 , 196 , 25 , 65 , 17 , 147 , 23 , 148 , 17 ,,, 10 , 19 ,2%,0%,3%,0%,86%,2%,66%,1%,96%
 32 , 32 , 23 , 84 , 17 , 177 , 55 , 44 , 17 ,,, 11 , 20 ,6%,0%,6%,0%,86%,4%,70%,1%,96%
 24 , 77 , 33 , 192 , 18 , 174 , 20 , 25 , 17 ,,, 12 , 20 ,13%,0%,11%,0%,88%,4%,73%,1%,96%
 26 , 26 , 32 , 33 , 17 , 30 , 17 , 148 , 18 ,,, 13 , 21 ,22%,0%,16%,0%,91%,4%,76%,4%,97%
 24 , 63 , 20 , 31 , 19 , 31 , 16 , 429 , 17 ,,, 14 , 21 ,23%,0%,25%,0%,92%,5%,77%,5%,99%
 24 , 210 , 21 , 48 , 19 , 22 , 18 , 29 , 21 ,,, 15 , 22 ,32%,0%,29%,0%,93%,7%,78%,5%,100%
 21 , 40 , 20 , 282 , 18 , 152 , 18 , 43 , 17 ,,, 16 , 22 ,41%,0%,34%,1%,94%,8%,82%,6%,100%
 22 , 90 , 22 , 285 , 18 , 38 , 18 , 31 , 17 ,,, 17 , 22 ,47%,0%,38%,1%,94%,11%,82%,6%,100%
 24 , 40 , 31 , 46 , 17 , 183 , 17 , 169 , 16 ,,, 18 , 23 ,48%,1%,47%,1%,94%,13%,84%,8%,100%
 25 , 277 , 20 , 201 , 16 , 46 , 20 , 63 , 17 ,,, 19 , 23 ,53%,1%,54%,1%,95%,13%,86%,9%,100%
 21 , 201 , 26 , 37 , 17 , 48 , 16 , 150 , 16 ,,, 20 , 24 ,55%,1%,56%,1%,96%,14%,86%,9%,100%
 38 , 29 , 23 , 205 , 18 , 61 , 17 , 23 , 19 ,,, 21 , 24 ,59%,1%,61%,1%,96%,15%,86%,9%,100%
 20 , 53 , 24 , 54 , 17 , 36 , 17 , 58 , 17 ,,, 22 , 24 ,65%,1%,63%,1%,96%,17%,86%,10%,100%
 27 , 60 , 36 , 38 , 20 , 29 , 21 , 25 , 17 ,,, 23 , 25 ,66%,2%,66%,1%,96%,19%,87%,13%,100%
 31 , 46 , 20 , 30 , 17 , 278 , 19 , 169 , 17 ,,, 24 , 25 ,72%,2%,69%,1%,96%,21%,87%,16%,100%
 22 , 36 , 24 , 40 , 17 , 188 , 16 , 151 , 17 ,,, 25 , 26 ,73%,3%,69%,2%,96%,23%,87%,17%,100%
 26 , 69 , 23 , 31 , 17 , 25 , 19 , 23 , 19 ,,, 26 , 26 ,78%,5%,72%,2%,96%,23%,88%,17%,100%
 23 , 37 , 23 , 84 , 20 , 29 , 18 , 152 , 17 ,,, 27 , 27 ,80%,6%,72%,3%,96%,25%,88%,18%,100%
 26 , 49 , 20 , 67 , 19 , 27 , 36 , 30 , 17 ,,, 28 , 27 ,81%,6%,74%,4%,96%,26%,88%,18%,100%
 22 , 40 , 21 , 297 , 16 , 169 , 18 , 49 , 16 ,,, 29 , 27 ,81%,6%,77%,7%,96%,26%,88%,18%,100%
 25 , 196 , 32 , 275 , 17 , 25 , 23 , 51 , 17 ,,, 30 , 28 ,81%,6%,78%,7%,96%,26%,88%,19%,100%
 38 , 223 , 24 , 208 , 21 , 170 , 17 , 25 , 17 ,,, 31 , 28 ,83%,6%,78%,8%,96%,27%,89%,22%,100%
 29 , 29 , 44 , 196 , 19 , 27 , 16 , 157 , 19 ,,, 32 , 29 ,84%,7%,80%,9%,96%,30%,90%,23%,100%
 23 , 39 , 28 , 198 , 17 , 27 , 16 , 25 , 17 ,,, 33 , 29 ,84%,9%,80%,12%,96%,30%,90%,24%,100%
 23 , 216 , 25 , 206 , 18 , 56 , 19 , 177 , 17 ,,, 34 , 29 ,85%,9%,81%,14%,96%,30%,90%,25%,100%
 19 , 209 , 37 , 71 , 17 , 22 , 18 , 25 , 16 ,,, 35 , 30 ,85%,9%,81%,15%,96%,31%,91%,26%,100%
 21 , 92 , 22 , 27 , 22 , 19 , 26 , 152 , 17 ,,, 36 , 30 ,85%,9%,81%,16%,96%,33%,91%,26%,100%
 21 , 193 , 46 , 39 , 16 , 176 , 21 , 28 , 16 ,,, 37 , 31 ,85%,9%,83%,16%,96%,33%,91%,27%,100%
 22 , 34 , 22 , 68 , 24 , 24 , 21 , 165 , 17 ,,, 38 , 31 ,87%,10%,85%,19%,96%,35%,91%,28%,100%
 22 , 29 , 21 , 195 , 16 , 148 , 17 , 151 , 16 ,,, 39 , 31 ,87%,10%,86%,20%,96%,37%,91%,29%,100%
 24 , 187 , 30 , 197 , 18 , 181 , 32 , 53 , 17 ,,, 40 , 32 ,87%,11%,88%,20%,96%,38%,92%,30%,100%
 26 , 43 , 21 , 22 , 17 , 47 , 17 , 154 , 19 ,,, 41 , 32 ,90%,11%,89%,20%,96%,39%,92%,30%,100%
 28 , 53 , 21 , 280 , 21 , 74 , 19 , 172 , 22 ,,, 42 , 33 ,91%,11%,89%,22%,96%,39%,93%,30%,100%
 33 , 50 , 23 , 63 , 16 , 26 , 16 , 32 , 17 ,,, 43 , 33 ,93%,11%,90%,22%,96%,39%,93%,30%,100%
 21 , 194 , 48 , 37 , 20 , 144 , 18 , 53 , 16 ,,, 44 , 34 ,94%,12%,90%,23%,96%,39%,93%,31%,100%
 26 , 196 , 24 , 40 , 17 , 55 , 16 , 166 , 18 ,,, 45 , 34 ,94%,13%,90%,23%,96%,39%,93%,32%,100%
 22 , 69 , 21 , 194 , 15 , 59 , 22 , 157 , 18 ,,, 46 , 34 ,94%,13%,90%,24%,96%,39%,93%,32%,100%
 24 , 46 , 29 , 69 , 18 , 147 , 18 , 167 , 17 ,,, 47 , 35 ,94%,14%,90%,24%,96%,39%,93%,32%,100%
 24 , 192 , 24 , 41 , 18 , 23 , 17 , 169 , 17 ,,, 48 , 35 ,94%,15%,90%,24%,96%,40%,93%,32%,100%
 25 , 25 , 23 , 186 , 18 , 301 , 19 , 34 , 17 ,,, 49 , 36 ,94%,15%,91%,24%,96%,41%,93%,32%,100%
 20 , 45 , 19 , 118 , 17 , 20 , 19 , 50 , 21 ,,, 50 , 36 ,94%,16%,92%,25%,96%,41%,94%,32%,100%
 39 , 55 , 20 , 28 , 18 , 287 , 39 , 31 , 17 ,,, 51 , 36 ,94%,16%,93%,26%,96%,41%,94%,32%,100%
 47 , 208 , 26 , 204 , 20 , 151 , 25 , 166 , 16 ,,, 52 , 37 ,95%,17%,93%,27%,96%,41%,94%,32%,100%
 20 , 44 , 21 , 86 , 18 , 32 , 19 , 158 , 16 ,,, 53 , 37 ,95%,17%,94%,28%,96%,41%,94%,32%,100%
 25 , 201 , 26 , 33 , 156 , 150 , 18 , 77 , 17 ,,, 54 , 38 ,96%,17%,94%,29%,96%,42%,94%,32%,100%
 31 , 194 , 24 , 32 , 17 , 72 , 17 , 174 , 16 ,,, 55 , 38 ,97%,17%,94%,30%,96%,42%,94%,32%,100%
 20 , 26 , 23 , 29 , 165 , 65 , 30 , 54 , 16 ,,, 56 , 39 ,98%,18%,94%,32%,96%,43%,94%,32%,100%
 22 , 204 , 22 , 50 , 19 , 151 , 22 , 45 , 16 ,,, 57 , 39 ,98%,19%,94%,33%,96%,43%,94%,32%,100%
 21 , 26 , 28 , 58 , 21 , 22 , 33 , 177 , 17 ,,, 58 , 39 ,98%,20%,94%,33%,96%,43%,95%,32%,100%
 22 , 196 , 27 , 29 , 19 , 144 , 29 , 160 , 17 ,,, 59 , 40 ,98%,22%,94%,35%,96%,43%,95%,32%,100%
 25 , 192 , 25 , 26 , 19 , 24 , 29 , 176 , 17 ,,, 60 , 40 ,98%,23%,94%,35%,96%,43%,96%,32%,100%
 22 , 36 , 23 , 30 , 16 , 32 , 22 , 29 , 16 ,,, 61 , 41 ,98%,23%,94%,35%,96%,43%,96%,32%,100%
 23 , 43 , 20 , 60 , 19 , 39 , 19 , 150 , 17 ,,, 62 , 41 ,98%,23%,94%,36%,96%,43%,96%,32%,100%
 26 , 77 , 21 , 220 , 17 , 141 , 21 , 172 , 16 ,,, 63 , 41 ,98%,23%,94%,36%,96%,43%,96%,32%,100%
 20 , 218 , 21 , 39 , 17 , 36 , 17 , 55 , 16 ,,, 64 , 42 ,98%,23%,94%,36%,96%,43%,96%,32%,100%
 33 , 218 , 26 , 208 , 17 , 30 , 16 , 25 , 17 ,,, 65 , 42 ,98%,23%,94%,36%,96%,43%,96%,32%,100%
 21 , 200 , 22 , 61 , 16 , 26 , 16 , 26 , 16 ,,, 66 , 43 ,98%,24%,94%,38%,96%,43%,96%,32%,100%
 22 , 90 , 23 , 36 , 18 , 29 , 19 , 53 , 18 ,,, 67 , 43 ,98%,26%,95%,39%,96%,43%,96%,33%,100%
 21 , 35 , 37 , 146 , 19 , 160 , 162 , 46 , 17 ,,, 68 , 43 ,98%,26%,95%,39%,96%,43%,96%,34%,100%
 25 , 189 , 43 , 28 , 16 , 23 , 17 , 151 , 19 ,,, 69 , 44 ,98%,27%,96%,39%,96%,43%,96%,34%,100%
 23 , 199 , 21 , 196 , 17 , 294 , 19 , 20 , 17 ,,, 70 , 44 ,98%,27%,96%,39%,96%,43%,96%,34%,100%
 26 , 39 , 21 , 30 , 164 , 144 , 17 , 23 , 17 ,,, 71 , 45 ,98%,28%,96%,40%,96%,43%,96%,34%,100%
 22 , 241 , 22 , 198 , 17 , 158 , 18 , 55 , 18 ,,, 72 , 45 ,98%,28%,97%,40%,96%,43%,96%,35%,100%
 28 , 31 , 21 , 81 , 18 , 175 , 18 , 295 , 18 ,,, 73 , 46 ,98%,29%,97%,41%,96%,43%,96%,35%,100%
 21 , 196 , 23 , 220 , 17 , 25 , 18 , 172 , 16 ,,, 74 , 46 ,99%,31%,97%,41%,96%,44%,96%,37%,100%
 25 , 194 , 25 , 199 , 16 , 157 , 18 , 55 , 17 ,,, 75 , 46 ,99%,31%,99%,42%,96%,44%,96%,37%,100%
 23 , 195 , 31 , 34 , 18 , 50 , 19 , 78 , 17 ,,, 76 , 47 ,100%,31%,99%,42%,96%,44%,96%,38%,100%
 21 , 197 , 23 , 200 , 17 , 22 , 18 , 32 , 17 ,,, 77 , 47 ,100%,31%,99%,42%,96%,46%,96%,38%,100%
 24 , 224 , 25 , 51 , 19 , 28 , 17 , 288 , 17 ,,, 78 , 48 ,100%,31%,100%,43%,96%,46%,96%,38%,100%
 20 , 34 , 22 , 65 , 20 , 20 , 40 , 28 , 16 ,,, 79 , 48 ,100%,31%,100%,43%,96%,46%,96%,38%,100%
 27 , 198 , 23 , 29 , 18 , 156 , 24 , 25 , 17 ,,, 80 , 48 ,100%,32%,100%,43%,96%,46%,96%,38%,100%
 33 , 23 , 27 , 31 , 16 , 22 , 22 , 46 , 17 ,,, 81 , 49 ,100%,32%,100%,43%,96%,46%,96%,39%,100%
 22 , 229 , 24 , 220 , 17 , 23 , 17 , 29 , 17 ,,, 82 , 49 ,100%,32%,100%,43%,96%,47%,96%,40%,100%
 20 , 217 , 23 , 37 , 15 , 25 , 18 , 21 , 19 ,,, 83 , 50 ,100%,33%,100%,43%,96%,47%,96%,41%,100%
 22 , 206 , 32 , 77 , 17 , 145 , 20 , 21 , 18 ,,, 84 , 50 ,100%,34%,100%,44%,96%,47%,96%,41%,100%
 29 , 40 , 23 , 207 , 18 , 25 , 16 , 241 , 17 ,,, 85 , 50 ,100%,34%,100%,44%,96%,48%,96%,42%,100%
 22 , 214 , 26 , 28 , 18 , 167 , 16 , 169 , 17 ,,, 86 , 51 ,100%,34%,100%,45%,96%,48%,96%,42%,100%
 22 , 72 , 24 , 194 , 17 , 25 , 18 , 27 , 17 ,,, 87 , 51 ,100%,34%,100%,45%,96%,48%,96%,42%,100%
 32 , 43 , 26 , 45 , 23 , 51 , 165 , 174 , 16 ,,, 88 , 52 ,100%,34%,100%,45%,96%,48%,96%,42%,100%
 34 , 27 , 20 , 72 , 19 , 192 , 17 , 49 , 17 ,,, 89 , 52 ,100%,34%,100%,45%,96%,49%,96%,42%,100%
 21 , 70 , 46 , 46 , 21 , 322 , 19 , 148 , 17 ,,, 90 , 53 ,100%,35%,100%,45%,96%,49%,96%,43%,100%
 23 , 65 , 21 , 61 , 17 , 280 , 17 , 150 , 19 ,,, 91 , 53 ,100%,38%,100%,45%,96%,49%,96%,45%,100%
 24 , 196 , 36 , 197 , 20 , 150 , 19 , 21 , 17 ,,, 92 , 53 ,100%,38%,100%,46%,96%,49%,96%,45%,100%
 23 , 227 , 20 , 225 , 17 , 58 , 21 , 30 , 16 ,,, 93 , 54 ,100%,38%,100%,46%,96%,49%,96%,45%,100%
 22 , 73 , 24 , 70 , 19 , 168 , 22 , 171 , 16 ,,, 94 , 54 ,100%,39%,100%,46%,96%,49%,97%,46%,100%
 37 , 201 , 21 , 61 , 18 , 146 , 18 , 194 , 17 ,,, 95 , 55 ,100%,39%,100%,46%,96%,49%,97%,49%,100%
 20 , 210 , 24 , 27 , 22 , 149 , 24 , 167 , 17 ,,, 96 , 55 ,100%,39%,100%,46%,96%,50%,97%,49%,100%
 25 , 46 , 31 , 207 , 18 , 301 , 17 , 150 , 17 ,,, 97 , 55 ,100%,39%,100%,46%,96%,51%,97%,49%,100%
 21 , 56 , 46 , 38 , 16 , 53 , 21 , 76 , 17 ,,, 98 , 56 ,100%,39%,100%,46%,96%,51%,97%,49%,100%
 20 , 73 , 29 , 29 , 18 , 19 , 20 , 28 , 17 ,,, 99 , 56 ,100%,40%,100%,46%,96%,52%,97%,50%,100%
,,,,,,,,,,, 100 , 57 ,100%,41%,100%,46%,96%,52%,97%,50%,100%
,,,,,,,,,,, 101 , 57 ,100%,41%,100%,46%,96%,52%,97%,50%,100%
,,,,,,,,,,, 102 , 58 ,100%,41%,100%,47%,96%,52%,97%,50%,100%
,,,,,,,,,,, 103 , 58 ,100%,41%,100%,47%,96%,53%,97%,51%,100%
,,,,,,,,,,, 104 , 58 ,100%,41%,100%,47%,96%,53%,97%,51%,100%
,,,,,,,,,,, 105 , 59 ,100%,41%,100%,47%,96%,54%,97%,51%,100%
,,,,,,,,,,, 106 , 59 ,100%,41%,100%,47%,96%,54%,97%,51%,100%
,,,,,,,,,,, 107 , 60 ,100%,41%,100%,48%,96%,54%,97%,51%,100%
,,,,,,,,,,, 108 , 60 ,100%,42%,100%,48%,96%,54%,97%,51%,100%
,,,,,,,,,,, 109 , 60 ,100%,42%,100%,49%,96%,54%,97%,51%,100%
,,,,,,,,,,, 110 , 61 ,100%,42%,100%,50%,96%,54%,97%,51%,100%
,,,,,,,,,,, 111 , 61 ,100%,43%,100%,51%,96%,55%,97%,51%,100%
,,,,,,,,,,, 112 , 62 ,100%,43%,100%,51%,96%,55%,97%,51%,100%
,,,,,,,,,,, 113 , 62 ,100%,43%,100%,51%,96%,55%,97%,51%,100%
,,,,,,,,,,, 114 , 62 ,100%,43%,100%,52%,96%,55%,97%,52%,100%
,,,,,,,,,,, 115 , 63 ,100%,43%,100%,52%,96%,55%,97%,52%,100%
,,,,,,,,,,, 116 , 63 ,100%,44%,100%,52%,96%,55%,97%,52%,100%
,,,,,,,,,,, 117 , 64 ,100%,44%,100%,52%,96%,55%,97%,52%,100%
,,,,,,,,,,, 118 , 64 ,100%,44%,100%,52%,96%,55%,97%,52%,100%
,,,,,,,,,,, 119 , 65 ,100%,44%,100%,54%,96%,56%,97%,52%,100%
,,,,,,,,,,, 120 , 65 ,100%,45%,100%,54%,96%,56%,97%,52%,100%
,,,,,,,,,,, 121 , 65 ,100%,45%,100%,54%,96%,56%,97%,52%,100%
,,,,,,,,,,, 122 , 66 ,100%,45%,100%,54%,96%,56%,97%,52%,100%
,,,,,,,,,,, 123 , 66 ,100%,45%,100%,54%,96%,56%,97%,52%,100%
,,,,,,,,,,, 124 , 67 ,100%,45%,100%,54%,96%,56%,97%,52%,100%
,,,,,,,,,,, 125 , 67 ,100%,45%,100%,55%,96%,56%,97%,52%,100%
,,,,,,,,,,, 126 , 67 ,100%,45%,100%,55%,96%,56%,97%,52%,100%
,,,,,,,,,,, 127 , 68 ,100%,46%,100%,56%,96%,56%,97%,52%,100%
,,,,,,,,,,, 128 , 68 ,100%,47%,100%,56%,96%,56%,97%,52%,100%
,,,,,,,,,,, 129 , 69 ,100%,48%,100%,57%,96%,56%,97%,52%,100%
,,,,,,,,,,, 130 , 69 ,100%,48%,100%,57%,96%,56%,97%,52%,100%
,,,,,,,,,,, 131 , 70 ,100%,49%,100%,58%,96%,56%,97%,52%,100%
,,,,,,,,,,, 132 , 70 ,100%,49%,100%,58%,96%,56%,97%,52%,100%
,,,,,,,,,,, 133 , 70 ,100%,49%,100%,58%,96%,56%,97%,52%,100%
,,,,,,,,,,, 134 , 71 ,100%,50%,100%,58%,96%,56%,97%,52%,100%
,,,,,,,,,,, 135 , 71 ,100%,50%,100%,59%,96%,56%,97%,52%,100%
,,,,,,,,,,, 136 , 72 ,100%,50%,100%,59%,96%,56%,97%,52%,100%
,,,,,,,,,,, 137 , 72 ,100%,50%,100%,60%,96%,57%,97%,52%,100%
,,,,,,,,,,, 138 , 72 ,100%,51%,100%,60%,96%,57%,97%,52%,100%
,,,,,,,,,,, 139 , 73 ,100%,52%,100%,60%,96%,57%,97%,52%,100%
,,,,,,,,,,, 140 , 73 ,100%,53%,100%,60%,96%,57%,97%,52%,100%
,,,,,,,,,,, 141 , 74 ,100%,53%,100%,60%,96%,58%,97%,52%,100%
,,,,,,,,,,, 142 , 74 ,100%,53%,100%,60%,96%,58%,97%,52%,100%
,,,,,,,,,,, 143 , 74 ,100%,53%,100%,60%,96%,59%,97%,52%,100%
,,,,,,,,,,, 144 , 75 ,100%,53%,100%,60%,96%,59%,97%,52%,100%
,,,,,,,,,,, 145 , 75 ,100%,53%,100%,60%,96%,59%,97%,53%,100%
,,,,,,,,,,, 146 , 76 ,100%,53%,100%,60%,96%,59%,97%,53%,100%
,,,,,,,,,,, 147 , 76 ,100%,53%,100%,60%,96%,59%,97%,53%,100%
,,,,,,,,,,, 148 , 77 ,100%,54%,100%,60%,96%,59%,97%,54%,100%
,,,,,,,,,,, 149 , 77 ,100%,55%,100%,61%,96%,59%,97%,54%,100%
,,,,,,,,,,, 150 , 77 ,100%,56%,100%,61%,96%,59%,97%,55%,100%
,,,,,,,,,,, 151 , 78 ,100%,56%,100%,61%,96%,59%,97%,56%,100%
,,,,,,,,,,, 152 , 78 ,100%,56%,100%,61%,96%,59%,97%,56%,100%
,,,,,,,,,,, 153 , 79 ,100%,56%,100%,61%,96%,59%,97%,56%,100%
,,,,,,,,,,, 154 , 79 ,100%,56%,100%,61%,96%,59%,97%,56%,100%
,,,,,,,,,,, 155 , 79 ,100%,56%,100%,61%,96%,59%,97%,56%,100%
,,,,,,,,,,, 156 , 80 ,100%,56%,100%,61%,96%,59%,97%,56%,100%
,,,,,,,,,,, 157 , 80 ,100%,56%,100%,62%,96%,59%,97%,56%,100%
,,,,,,,,,,, 158 , 81 ,100%,56%,100%,62%,96%,59%,97%,56%,100%
,,,,,,,,,,, 159 , 81 ,100%,56%,100%,62%,96%,59%,97%,56%,100%
,,,,,,,,,,, 160 , 82 ,100%,56%,100%,62%,96%,59%,97%,56%,100%
,,,,,,,,,,, 161 , 82 ,100%,56%,100%,62%,96%,59%,97%,56%,100%
,,,,,,,,,,, 162 , 82 ,100%,56%,100%,62%,96%,59%,97%,56%,100%
,,,,,,,,,,, 163 , 83 ,100%,56%,100%,62%,96%,59%,97%,56%,100%
,,,,,,,,,,, 164 , 83 ,100%,56%,100%,62%,96%,59%,97%,56%,100%
,,,,,,,,,,, 165 , 84 ,100%,56%,100%,64%,96%,59%,97%,56%,100%
,,,,,,,,,,, 166 , 84 ,100%,56%,100%,64%,96%,59%,97%,56%,100%
,,,,,,,,,,, 167 , 84 ,100%,56%,100%,64%,96%,59%,97%,56%,100%
,,,,,,,,,,, 168 , 85 ,100%,56%,100%,64%,96%,59%,97%,56%,100%
,,,,,,,,,,, 169 , 85 ,100%,56%,100%,65%,96%,59%,97%,56%,100%
,,,,,,,,,,, 170 , 86 ,100%,56%,100%,65%,96%,59%,97%,56%,100%
,,,,,,,,,,, 171 , 86 ,100%,56%,100%,65%,96%,59%,97%,56%,100%
,,,,,,,,,,, 172 , 86 ,100%,56%,100%,65%,96%,59%,97%,56%,100%
,,,,,,,,,,, 173 , 87 ,100%,56%,100%,65%,96%,59%,97%,56%,100%
,,,,,,,,,,, 174 , 87 ,100%,56%,100%,65%,96%,59%,97%,56%,100%
,,,,,,,,,,, 175 , 88 ,100%,56%,100%,65%,96%,59%,97%,56%,100%
,,,,,,,,,,, 176 , 88 ,100%,56%,100%,65%,96%,59%,97%,56%,100%
,,,,,,,,,,, 177 , 89 ,100%,56%,100%,65%,96%,59%,97%,56%,100%
,,,,,,,,,,, 178 , 89 ,100%,56%,100%,65%,96%,59%,97%,56%,100%
,,,,,,,,,,, 179 , 89 ,100%,56%,100%,65%,96%,59%,97%,56%,100%
,,,,,,,,,,, 180 , 90 ,100%,57%,100%,65%,96%,59%,97%,56%,100%
,,,,,,,,,,, 181 , 90 ,100%,58%,100%,65%,96%,59%,97%,56%,100%
,,,,,,,,,,, 182 , 91 ,100%,58%,100%,65%,96%,59%,97%,56%,100%
,,,,,,,,,,, 183 , 91 ,100%,58%,100%,65%,96%,59%,97%,56%,100%
,,,,,,,,,,, 184 , 91 ,100%,58%,100%,65%,96%,59%,97%,56%,100%
,,,,,,,,,,, 185 , 92 ,100%,58%,100%,65%,96%,59%,97%,56%,100%
,,,,,,,,,,, 186 , 92 ,100%,59%,100%,65%,96%,59%,97%,56%,100%
,,,,,,,,,,, 187 , 93 ,100%,59%,100%,65%,96%,59%,97%,56%,100%
,,,,,,,,,,, 188 , 93 ,100%,59%,100%,65%,96%,59%,97%,56%,100%
,,,,,,,,,,, 189 , 94 ,100%,59%,100%,65%,96%,59%,97%,56%,100%
,,,,,,,,,,, 190 , 94 ,100%,59%,100%,65%,96%,59%,97%,56%,100%
,,,,,,,,,,, 191 , 94 ,100%,59%,100%,65%,96%,59%,97%,56%,100%
,,,,,,,,,,, 192 , 95 ,100%,59%,100%,65%,96%,59%,97%,56%,100%
,,,,,,,,,,, 193 , 95 ,100%,59%,100%,65%,96%,59%,97%,56%,100%
,,,,,,,,,,, 194 , 96 ,100%,59%,100%,65%,96%,59%,97%,56%,100%
,,,,,,,,,,, 195 , 96 ,100%,59%,100%,65%,96%,59%,97%,56%,100%
,,,,,,,,,,, 196 , 96 ,100%,59%,100%,65%,96%,59%,97%,56%,100%
,,,,,,,,,,, 197 , 97 ,100%,59%,100%,65%,96%,59%,97%,56%,100%
,,,,,,,,,,, 198 , 97 ,100%,59%,100%,65%,96%,59%,97%,56%,100%
,,,,,,,,,,, 199 , 98 ,100%,59%,100%,65%,96%,59%,97%,56%,100%
,,,,,,,,,,, 200 , 98 ,100%,59%,100%,65%,96%,59%,97%,56%,100%
,,,,,,,,,,, 201 , 98 ,100%,59%,100%,65%,96%,59%,97%,56%,100%
,,,,,,,,,,, 202 , 99 ,100%,59%,100%,65%,96%,59%,97%,56%,100%
,,,,,,,,,,, 203 , 99 ,100%,59%,100%,65%,96%,59%,97%,56%,100%
,,,,,,,,,,, 204 , 100 ,100%,59%,100%,65%,96%,59%,97%,56%,100%
,,,,,,,,,,, 205 , 100 ,100%,59%,100%,65%,96%,59%,97%,56%,100%
,,,,,,,,,,, 206 , 101 ,100%,59%,100%,65%,96%,59%,97%,56%,100%
,,,,,,,,,,, 207 , 101 ,100%,59%,100%,65%,96%,59%,97%,56%,100%
,,,,,,,,,,, 208 , 101 ,100%,59%,100%,65%,96%,59%,97%,56%,100%
,,,,,,,,,,, 209 , 102 ,100%,59%,100%,65%,96%,59%,97%,56%,100%
,,,,,,,,,,, 210 , 102 ,100%,59%,100%,65%,96%,59%,97%,56%,100%
,,,,,,,,,,, 211 , 103 ,100%,59%,100%,65%,96%,59%,97%,56%,100%
,,,,,,,,,,, 212 , 103 ,100%,59%,100%,65%,96%,59%,97%,56%,100%
,,,,,,,,,,, 213 , 103 ,100%,59%,100%,65%,96%,59%,97%,56%,100%
,,,,,,,,,,, 214 , 104 ,100%,59%,100%,65%,96%,59%,97%,56%,100%
,,,,,,,,,,, 215 , 104 ,100%,59%,100%,65%,96%,59%,97%,56%,100%
,,,,,,,,,,, 216 , 105 ,100%,59%,100%,65%,96%,59%,97%,56%,100%
,,,,,,,,,,, 217 , 105 ,100%,59%,100%,65%,96%,59%,97%,56%,100%
,,,,,,,,,,, 218 , 106 ,100%,59%,100%,65%,96%,59%,97%,56%,100%
,,,,,,,,,,, 219 , 106 ,100%,59%,100%,65%,96%,59%,97%,56%,100%
,,,,,,,,,,, 220 , 106 ,100%,59%,100%,65%,96%,59%,97%,56%,100%
,,,,,,,,,,, 221 , 107 ,100%,59%,100%,65%,96%,59%,97%,56%,100%
,,,,,,,,,,, 222 , 107 ,100%,59%,100%,65%,96%,59%,97%,56%,100%
,,,,,,,,,,, 223 , 108 ,100%,59%,100%,65%,96%,59%,97%,56%,100%
,,,,,,,,,,, 224 , 108 ,100%,59%,100%,65%,96%,59%,97%,56%,100%
,,,,,,,,,,, 225 , 108 ,100%,59%,100%,65%,96%,59%,97%,56%,100%
,,,,,,,,,,, 226 , 109 ,100%,59%,100%,65%,96%,59%,97%,56%,100%
,,,,,,,,,,, 227 , 109 ,100%,59%,100%,65%,96%,59%,97%,56%,100%
,,,,,,,,,,, 228 , 110 ,100%,59%,100%,65%,96%,59%,97%,56%,100%
,,,,,,,,,,, 229 , 110 ,100%,59%,100%,65%,96%,59%,97%,56%,100%
,,,,,,,,,,, 230 , 110 ,100%,59%,100%,65%,96%,59%,97%,56%,100%
,,,,,,,,,,, 231 , 111 ,100%,59%,100%,65%,96%,59%,97%,56%,100%
,,,,,,,,,,, 232 , 111 ,100%,59%,100%,65%,96%,59%,97%,56%,100%
,,,,,,,,,,, 233 , 112 ,100%,59%,100%,65%,96%,59%,97%,56%,100%
,,,,,,,,,,, 234 , 112 ,100%,59%,100%,65%,96%,59%,97%,56%,100%
,,,,,,,,,,, 235 , 113 ,100%,59%,100%,65%,96%,59%,97%,56%,100%
,,,,,,,,,,, 236 , 113 ,100%,59%,100%,65%,96%,59%,97%,56%,100%
,,,,,,,,,,, 237 , 113 ,100%,59%,100%,65%,96%,59%,97%,56%,100%
,,,,,,,,,,, 238 , 114 ,100%,59%,100%,65%,96%,59%,97%,56%,100%
,,,,,,,,,,, 239 , 114 ,100%,59%,100%,65%,96%,59%,97%,56%,100%
,,,,,,,,,,, 240 , 115 ,100%,59%,100%,65%,96%,59%,97%,56%,100%
,,,,,,,,,,, 241 , 115 ,100%,59%,100%,65%,96%,59%,97%,56%,100%
,,,,,,,,,,, 242 , 115 ,100%,59%,100%,65%,96%,59%,97%,56%,100%
,,,,,,,,,,, 243 , 116 ,100%,59%,100%,65%,96%,59%,97%,56%,100%
,,,,,,,,,,, 244 , 116 ,100%,59%,100%,65%,96%,59%,97%,56%,100%
,,,,,,,,,,, 245 , 117 ,100%,59%,100%,65%,96%,59%,97%,56%,100%
,,,,,,,,,,, 246 , 117 ,100%,59%,100%,65%,96%,59%,97%,56%,100%
,,,,,,,,,,, 247 , 118 ,100%,59%,100%,66%,96%,59%,97%,56%,100%
,,,,,,,,,,, 248 , 118 ,100%,59%,100%,66%,96%,59%,97%,56%,100%
,,,,,,,,,,, 249 , 118 ,100%,59%,100%,66%,96%,59%,97%,56%,100%
,,,,,,,,,,, 250 , 119 ,100%,59%,100%,66%,96%,59%,97%,56%,100%
,,,,,,,,,,, 251 , 119 ,100%,59%,100%,66%,96%,59%,97%,56%,100%
,,,,,,,,,,, 252 , 120 ,100%,59%,100%,66%,96%,59%,97%,56%,100%
,,,,,,,,,,, 253 , 120 ,100%,59%,100%,66%,96%,59%,97%,56%,100%
,,,,,,,,,,, 254 , 120 ,100%,59%,100%,66%,96%,59%,97%,56%,100%
,,,,,,,,,,, 255 , 121 ,100%,59%,100%,66%,96%,59%,97%,56%,100%
,,,,,,,,,,, 256 , 121 ,100%,59%,100%,66%,96%,59%,97%,56%,100%
,,,,,,,,,,, 257 , 122 ,100%,59%,100%,66%,96%,59%,97%,56%,100%
,,,,,,,,,,, 258 , 122 ,100%,59%,100%,66%,96%,59%,97%,56%,100%
,,,,,,,,,,, 259 , 122 ,100%,59%,100%,66%,96%,59%,97%,56%,100%
,,,,,,,,,,, 260 , 123 ,100%,59%,100%,66%,96%,59%,97%,56%,100%
,,,,,,,,,,, 261 , 123 ,100%,59%,100%,66%,96%,59%,97%,56%,100%
,,,,,,,,,,, 262 , 124 ,100%,59%,100%,66%,96%,59%,97%,56%,100%
,,,,,,,,,,, 263 , 124 ,100%,59%,100%,66%,96%,59%,97%,56%,100%
,,,,,,,,,,, 264 , 125 ,100%,59%,100%,66%,96%,59%,97%,56%,100%
,,,,,,,,,,, 265 , 125 ,100%,59%,100%,66%,96%,59%,97%,56%,100%
,,,,,,,,,,, 266 , 125 ,100%,59%,100%,66%,96%,59%,97%,56%,100%
,,,,,,,,,,, 267 , 126 ,100%,59%,100%,66%,96%,59%,97%,56%,100%
,,,,,,,,,,, 268 , 126 ,100%,59%,100%,66%,96%,59%,97%,56%,100%
,,,,,,,,,,, 269 , 127 ,100%,59%,100%,66%,96%,59%,97%,56%,100%
,,,,,,,,,,, 270 , 127 ,100%,59%,100%,66%,96%,59%,97%,56%,100%
,,,,,,,,,,, 271 , 127 ,100%,59%,100%,66%,96%,59%,97%,56%,100%
,,,,,,,,,,, 272 , 128 ,100%,59%,100%,66%,96%,59%,97%,56%,100%
,,,,,,,,,,, 273 , 128 ,100%,59%,100%,66%,96%,59%,97%,56%,100%
,,,,,,,,,,, 274 , 129 ,100%,59%,100%,66%,96%,59%,97%,56%,100%
,,,,,,,,,,, 275 , 129 ,100%,59%,100%,66%,96%,59%,97%,56%,100%
,,,,,,,,,,, 276 , 129 ,100%,59%,100%,66%,96%,59%,97%,56%,100%
,,,,,,,,,,, 277 , 130 ,100%,59%,100%,66%,96%,59%,97%,56%,100%
,,,,,,,,,,, 278 , 130 ,100%,59%,100%,66%,96%,59%,97%,56%,100%
,,,,,,,,,,, 279 , 131 ,100%,59%,100%,66%,96%,59%,97%,56%,100%
,,,,,,,,,,, 280 , 131 ,100%,59%,100%,66%,96%,59%,97%,56%,100%
,,,,,,,,,,, 281 , 132 ,100%,59%,100%,66%,96%,59%,97%,56%,100%
,,,,,,,,,,, 282 , 132 ,100%,59%,100%,66%,96%,59%,97%,56%,100%
,,,,,,,,,,, 283 , 132 ,100%,59%,100%,66%,96%,59%,97%,56%,100%
,,,,,,,,,,, 284 , 133 ,100%,59%,100%,66%,96%,59%,97%,56%,100%
,,,,,,,,,,, 285 , 133 ,100%,59%,100%,66%,96%,59%,97%,56%,100%
,,,,,,,,,,, 286 , 134 ,100%,59%,100%,66%,96%,59%,97%,56%,100%
,,,,,,,,,,, 287 , 134 ,100%,59%,100%,66%,96%,59%,97%,56%,100%
,,,,,,,,,,, 288 , 134 ,100%,59%,100%,66%,96%,59%,97%,56%,100%
,,,,,,,,,,, 289 , 135 ,100%,59%,100%,66%,96%,59%,97%,56%,100%
,,,,,,,,,,, 290 , 135 ,100%,59%,100%,66%,96%,59%,97%,56%,100%
,,,,,,,,,,, 291 , 136 ,100%,59%,100%,66%,96%,59%,97%,56%,100%
,,,,,,,,,,, 292 , 136 ,100%,59%,100%,66%,96%,59%,97%,56%,100%
,,,,,,,,,,, 293 , 137 ,100%,59%,100%,66%,96%,59%,97%,56%,100%
,,,,,,,,,,, 294 , 137 ,100%,59%,100%,66%,96%,59%,97%,56%,100%
,,,,,,,,,,, 295 , 137 ,100%,59%,100%,66%,96%,59%,97%,56%,100%
,,,,,,,,,,, 296 , 138 ,100%,59%,100%,66%,96%,59%,97%,56%,100%
,,,,,,,,,,, 297 , 138 ,100%,59%,100%,66%,96%,59%,97%,56%,100%
,,,,,,,,,,, 298 , 139 ,100%,59%,100%,66%,96%,59%,97%,56%,100%
,,,,,,,,,,, 299 , 139 ,100%,59%,100%,66%,96%,59%,97%,56%,100%
,,,,,,,,,,, 300 , 139 ,100%,59%,100%,66%,96%,59%,97%,56%,100%
,,,,,,,,,,, 301 , 140 ,100%,59%,100%,66%,96%,59%,97%,56%,100%
,,,,,,,,,,, 302 , 140 ,100%,59%,100%,66%,96%,59%,97%,56%,100%
,,,,,,,,,,, 303 , 141 ,100%,59%,100%,66%,96%,59%,97%,56%,100%
,,,,,,,,,,, 304 , 141 ,100%,59%,100%,66%,96%,60%,97%,56%,100%
,,,,,,,,,,, 305 , 141 ,100%,59%,100%,66%,96%,60%,97%,56%,100%
,,,,,,,,,,, 306 , 142 ,100%,59%,100%,66%,96%,60%,97%,56%,100%
,,,,,,,,,,, 307 , 142 ,100%,59%,100%,66%,96%,60%,97%,56%,100%
,,,,,,,,,,, 308 , 143 ,100%,59%,100%,66%,96%,60%,97%,56%,100%
,,,,,,,,,,, 309 , 143 ,100%,59%,100%,66%,96%,60%,97%,56%,100%
,,,,,,,,,,, 310 , 144 ,100%,59%,100%,66%,96%,61%,97%,56%,100%
,,,,,,,,,,, 311 , 144 ,100%,59%,100%,66%,96%,63%,97%,56%,100%
,,,,,,,,,,, 312 , 144 ,100%,59%,100%,66%,96%,64%,97%,56%,100%
,,,,,,,,,,, 313 , 145 ,100%,59%,100%,66%,96%,64%,97%,56%,100%
,,,,,,,,,,, 314 , 145 ,100%,59%,100%,66%,96%,64%,97%,56%,100%
,,,,,,,,,,, 315 , 146 ,100%,59%,100%,67%,96%,64%,97%,56%,100%
,,,,,,,,,,, 316 , 146 ,100%,59%,100%,67%,96%,65%,97%,56%,100%
,,,,,,,,,,, 317 , 146 ,100%,59%,100%,67%,96%,68%,97%,56%,100%
,,,,,,,,,,, 318 , 147 ,100%,59%,100%,67%,96%,68%,97%,56%,100%
,,,,,,,,,,, 319 , 147 ,100%,59%,100%,67%,96%,68%,97%,56%,100%
,,,,,,,,,,, 320 , 148 ,100%,59%,100%,67%,96%,68%,97%,59%,100%
,,,,,,,,,,, 321 , 148 ,100%,59%,100%,67%,96%,69%,97%,60%,100%
,,,,,,,,,,, 322 , 149 ,100%,59%,100%,67%,96%,69%,97%,60%,100%
,,,,,,,,,,, 323 , 149 ,100%,59%,100%,67%,96%,70%,97%,60%,100%
,,,,,,,,,,, 324 , 149 ,100%,59%,100%,67%,96%,70%,97%,60%,100%
,,,,,,,,,,, 325 , 150 ,100%,59%,100%,67%,96%,71%,97%,63%,100%
,,,,,,,,,,, 326 , 150 ,100%,59%,100%,67%,96%,72%,97%,65%,100%
,,,,,,,,,,, 327 , 151 ,100%,59%,100%,67%,96%,72%,97%,65%,100%
,,,,,,,,,,, 328 , 151 ,100%,59%,100%,67%,96%,74%,97%,66%,100%
,,,,,,,,,,, 329 , 151 ,100%,59%,100%,67%,96%,74%,97%,68%,100%
,,,,,,,,,,, 330 , 152 ,100%,59%,100%,67%,96%,74%,97%,68%,100%
,,,,,,,,,,, 331 , 152 ,100%,59%,100%,67%,96%,75%,97%,69%,100%
,,,,,,,,,,, 332 , 153 ,100%,59%,100%,67%,96%,75%,97%,69%,100%
,,,,,,,,,,, 333 , 153 ,100%,59%,100%,67%,96%,75%,97%,69%,100%
,,,,,,,,,,, 334 , 153 ,100%,59%,100%,67%,96%,75%,97%,70%,100%
,,,,,,,,,,, 335 , 154 ,100%,59%,100%,67%,96%,75%,97%,70%,100%
,,,,,,,,,,, 336 , 154 ,100%,59%,100%,67%,96%,75%,97%,70%,100%
,,,,,,,,,,, 337 , 155 ,100%,59%,100%,67%,96%,75%,97%,70%,100%
,,,,,,,,,,, 338 , 155 ,100%,59%,100%,67%,96%,75%,97%,70%,100%
,,,,,,,,,,, 339 , 156 ,100%,59%,100%,67%,96%,76%,97%,70%,100%
,,,,,,,,,,, 340 , 156 ,100%,59%,100%,67%,96%,76%,97%,70%,100%
,,,,,,,,,,, 341 , 156 ,100%,59%,100%,67%,97%,76%,97%,71%,100%
,,,,,,,,,,, 342 , 157 ,100%,59%,100%,67%,97%,77%,97%,72%,100%
,,,,,,,,,,, 343 , 157 ,100%,59%,100%,67%,97%,77%,97%,72%,100%
,,,,,,,,,,, 344 , 158 ,100%,59%,100%,67%,97%,77%,97%,72%,100%
,,,,,,,,,,, 345 , 158 ,100%,59%,100%,67%,97%,78%,97%,73%,100%
,,,,,,,,,,, 346 , 158 ,100%,59%,100%,67%,97%,78%,97%,73%,100%
,,,,,,,,,,, 347 , 159 ,100%,59%,100%,67%,97%,78%,97%,73%,100%
,,,,,,,,,,, 348 , 159 ,100%,59%,100%,67%,97%,78%,97%,73%,100%
,,,,,,,,,,, 349 , 160 ,100%,59%,100%,67%,97%,79%,97%,73%,100%
,,,,,,,,,,, 350 , 160 ,100%,59%,100%,67%,97%,79%,97%,74%,100%
,,,,,,,,,,, 351 , 161 ,100%,59%,100%,67%,97%,79%,97%,74%,100%
,,,,,,,,,,, 352 , 161 ,100%,59%,100%,67%,97%,79%,97%,74%,100%
,,,,,,,,,,, 353 , 161 ,100%,59%,100%,67%,97%,79%,97%,74%,100%
,,,,,,,,,,, 354 , 162 ,100%,59%,100%,67%,97%,79%,97%,74%,100%
,,,,,,,,,,, 355 , 162 ,100%,59%,100%,67%,97%,79%,98%,74%,100%
,,,,,,,,,,, 356 , 163 ,100%,59%,100%,67%,97%,79%,98%,74%,100%
,,,,,,,,,,, 357 , 163 ,100%,59%,100%,67%,97%,79%,98%,74%,100%
,,,,,,,,,,, 358 , 163 ,100%,59%,100%,67%,97%,79%,98%,74%,100%
,,,,,,,,,,, 359 , 164 ,100%,59%,100%,67%,98%,79%,98%,74%,100%
,,,,,,,,,,, 360 , 164 ,100%,59%,100%,67%,98%,80%,99%,74%,100%
,,,,,,,,,,, 361 , 165 ,100%,59%,100%,67%,98%,80%,99%,74%,100%
,,,,,,,,,,, 362 , 165 ,100%,59%,100%,67%,99%,80%,99%,75%,100%
,,,,,,,,,,, 363 , 165 ,100%,59%,100%,67%,99%,80%,99%,75%,100%
,,,,,,,,,,, 364 , 166 ,100%,59%,100%,67%,99%,80%,99%,77%,100%
,,,,,,,,,,, 365 , 166 ,100%,59%,100%,67%,99%,80%,99%,77%,100%
,,,,,,,,,,, 366 , 167 ,100%,59%,100%,67%,99%,81%,99%,78%,100%
,,,,,,,,,,, 367 , 167 ,100%,59%,100%,67%,99%,81%,99%,79%,100%
,,,,,,,,,,, 368 , 168 ,100%,59%,100%,67%,99%,81%,99%,79%,100%
,,,,,,,,,,, 369 , 168 ,100%,59%,100%,67%,99%,81%,99%,79%,100%
,,,,,,,,,,, 370 , 168 ,100%,59%,100%,67%,99%,82%,99%,79%,100%
,,,,,,,,,,, 371 , 169 ,100%,59%,100%,67%,100%,82%,99%,84%,100%
,,,,,,,,,,, 372 , 169 ,100%,59%,100%,67%,100%,83%,100%,84%,100%
,,,,,,,,,,, 373 , 170 ,100%,59%,100%,67%,100%,84%,100%,84%,100%
,,,,,,,,,,, 374 , 170 ,100%,59%,100%,67%,100%,84%,100%,84%,100%
,,,,,,,,,,, 375 , 170 ,100%,59%,100%,67%,100%,84%,100%,84%,100%
,,,,,,,,,,, 376 , 171 ,100%,59%,100%,67%,100%,84%,100%,85%,100%
,,,,,,,,,,, 377 , 171 ,100%,59%,100%,67%,100%,84%,100%,85%,100%
,,,,,,,,,,, 378 , 172 ,100%,59%,100%,67%,100%,84%,100%,87%,100%
,,,,,,,,,,, 379 , 172 ,100%,59%,100%,67%,100%,84%,100%,88%,100%
,,,,,,,,,,, 380 , 173 ,100%,59%,100%,67%,100%,84%,100%,88%,100%
,,,,,,,,,,, 381 , 173 ,100%,59%,100%,67%,100%,84%,100%,88%,100%
,,,,,,,,,,, 382 , 173 ,100%,59%,100%,67%,100%,85%,100%,89%,100%
,,,,,,,,,,, 383 , 174 ,100%,59%,100%,67%,100%,85%,100%,90%,100%
,,,,,,,,,,, 384 , 174 ,100%,59%,100%,67%,100%,85%,100%,91%,100%
,,,,,,,,,,, 385 , 175 ,100%,59%,100%,67%,100%,85%,100%,91%,100%
,,,,,,,,,,, 386 , 175 ,100%,59%,100%,67%,100%,86%,100%,91%,100%
,,,,,,,,,,, 387 , 175 ,100%,59%,100%,67%,100%,86%,100%,91%,100%
,,,,,,,,,,, 388 , 176 ,100%,59%,100%,67%,100%,87%,100%,92%,100%
,,,,,,,,,,, 389 , 176 ,100%,59%,100%,67%,100%,88%,100%,92%,100%
,,,,,,,,,,, 390 , 177 ,100%,59%,100%,67%,100%,88%,100%,92%,100%
,,,,,,,,,,, 391 , 177 ,100%,59%,100%,67%,100%,88%,100%,94%,100%
,,,,,,,,,,, 392 , 177 ,100%,59%,100%,67%,100%,88%,100%,94%,100%
,,,,,,,,,,, 393 , 178 ,100%,59%,100%,67%,100%,88%,100%,94%,100%
,,,,,,,,,,, 394 , 178 ,100%,59%,100%,67%,100%,88%,100%,94%,100%
,,,,,,,,,,, 395 , 179 ,100%,59%,100%,67%,100%,88%,100%,94%,100%
,,,,,,,,,,, 396 , 179 ,100%,59%,100%,67%,100%,88%,100%,94%,100%
,,,,,,,,,,, 397 , 180 ,100%,59%,100%,67%,100%,88%,100%,94%,100%
,,,,,,,,,,, 398 , 180 ,100%,59%,100%,67%,100%,88%,100%,94%,100%
,,,,,,,,,,, 399 , 180 ,100%,59%,100%,67%,100%,88%,100%,94%,100%
,,,,,,,,,,, 400 , 181 ,100%,59%,100%,67%,100%,88%,100%,94%,100%
,,,,,,,,,,, 401 , 181 ,100%,59%,100%,67%,100%,89%,100%,94%,100%
,,,,,,,,,,, 402 , 182 ,100%,59%,100%,67%,100%,89%,100%,94%,100%
,,,,,,,,,,, 403 , 182 ,100%,59%,100%,67%,100%,89%,100%,94%,100%
,,,,,,,,,,, 404 , 182 ,100%,59%,100%,67%,100%,89%,100%,94%,100%
,,,,,,,,,,, 405 , 183 ,100%,59%,100%,67%,100%,90%,100%,94%,100%
,,,,,,,,,,, 406 , 183 ,100%,59%,100%,67%,100%,90%,100%,94%,100%
,,,,,,,,,,, 407 , 184 ,100%,59%,100%,67%,100%,90%,100%,94%,100%
,,,,,,,,,,, 408 , 184 ,100%,59%,100%,67%,100%,90%,100%,94%,100%
,,,,,,,,,,, 409 , 185 ,100%,59%,100%,67%,100%,90%,100%,94%,100%
,,,,,,,,,,, 410 , 185 ,100%,59%,100%,67%,100%,90%,100%,94%,100%
,,,,,,,,,,, 411 , 185 ,100%,59%,100%,67%,100%,90%,100%,94%,100%
,,,,,,,,,,, 412 , 186 ,100%,59%,100%,68%,100%,90%,100%,94%,100%
,,,,,,,,,,, 413 , 186 ,100%,59%,100%,68%,100%,90%,100%,94%,100%
,,,,,,,,,,, 414 , 187 ,100%,59%,100%,68%,100%,90%,100%,94%,100%
,,,,,,,,,,, 415 , 187 ,100%,60%,100%,68%,100%,90%,100%,94%,100%
,,,,,,,,,,, 416 , 187 ,100%,60%,100%,68%,100%,90%,100%,94%,100%
,,,,,,,,,,, 417 , 188 ,100%,60%,100%,68%,100%,91%,100%,94%,100%
,,,,,,,,,,, 418 , 188 ,100%,60%,100%,68%,100%,91%,100%,94%,100%
,,,,,,,,,,, 419 , 189 ,100%,61%,100%,68%,100%,91%,100%,94%,100%
,,,,,,,,,,, 420 , 189 ,100%,61%,100%,68%,100%,91%,100%,94%,100%
,,,,,,,,,,, 421 , 189 ,100%,61%,100%,68%,100%,91%,100%,94%,100%
,,,,,,,,,,, 422 , 190 ,100%,61%,100%,68%,100%,91%,100%,94%,100%
,,,,,,,,,,, 423 , 190 ,100%,61%,100%,68%,100%,91%,100%,94%,100%
,,,,,,,,,,, 424 , 191 ,100%,61%,100%,68%,100%,91%,100%,94%,100%
,,,,,,,,,,, 425 , 191 ,100%,61%,100%,68%,100%,91%,100%,94%,100%
,,,,,,,,,,, 426 , 192 ,100%,61%,100%,69%,100%,92%,100%,94%,100%
,,,,,,,,,,, 427 , 192 ,100%,62%,100%,69%,100%,92%,100%,94%,100%
,,,,,,,,,,, 428 , 192 ,100%,63%,100%,69%,100%,92%,100%,94%,100%
,,,,,,,,,,, 429 , 193 ,100%,64%,100%,70%,100%,92%,100%,94%,100%
,,,,,,,,,,, 430 , 193 ,100%,64%,100%,70%,100%,92%,100%,94%,100%
,,,,,,,,,,, 431 , 194 ,100%,66%,100%,70%,100%,92%,100%,95%,100%
,,,,,,,,,,, 432 , 194 ,100%,66%,100%,72%,100%,92%,100%,95%,100%
,,,,,,,,,,, 433 , 194 ,100%,68%,100%,72%,100%,92%,100%,95%,100%
,,,,,,,,,,, 434 , 195 ,100%,68%,100%,73%,100%,92%,100%,95%,100%
,,,,,,,,,,, 435 , 195 ,100%,70%,100%,75%,100%,92%,100%,95%,100%
,,,,,,,,,,, 436 , 196 ,100%,71%,100%,76%,100%,92%,100%,95%,100%
,,,,,,,,,,, 437 , 196 ,100%,74%,100%,76%,100%,92%,100%,95%,100%
,,,,,,,,,,, 438 , 196 ,100%,75%,100%,78%,100%,92%,100%,95%,100%
,,,,,,,,,,, 439 , 197 ,100%,75%,100%,78%,100%,92%,100%,95%,100%
,,,,,,,,,,, 440 , 197 ,100%,75%,100%,78%,100%,92%,100%,95%,100%
,,,,,,,,,,, 441 , 198 ,100%,76%,100%,78%,100%,92%,100%,95%,100%
,,,,,,,,,,, 442 , 198 ,100%,76%,100%,80%,100%,92%,100%,95%,100%
,,,,,,,,,,, 443 , 199 ,100%,77%,100%,81%,100%,92%,100%,95%,100%
,,,,,,,,,,, 444 , 199 ,100%,77%,100%,81%,100%,92%,100%,95%,100%
,,,,,,,,,,, 445 , 199 ,100%,78%,100%,81%,100%,92%,100%,95%,100%
,,,,,,,,,,, 446 , 200 ,100%,78%,100%,82%,100%,92%,100%,95%,100%
,,,,,,,,,,, 447 , 200 ,100%,79%,100%,82%,100%,92%,100%,95%,100%
,,,,,,,,,,, 448 , 201 ,100%,79%,100%,83%,100%,92%,100%,95%,100%
,,,,,,,,,,, 449 , 201 ,100%,82%,100%,83%,100%,92%,100%,95%,100%
,,,,,,,,,,, 450 , 201 ,100%,82%,100%,84%,100%,92%,100%,95%,100%
,,,,,,,,,,, 451 , 202 ,100%,82%,100%,84%,100%,92%,100%,95%,100%
,,,,,,,,,,, 452 , 202 ,100%,82%,100%,84%,100%,92%,100%,95%,100%
,,,,,,,,,,, 453 , 203 ,100%,82%,100%,84%,100%,92%,100%,95%,100%
,,,,,,,,,,, 454 , 203 ,100%,82%,100%,84%,100%,92%,100%,95%,100%
,,,,,,,,,,, 455 , 204 ,100%,82%,100%,85%,100%,92%,100%,95%,100%
,,,,,,,,,,, 456 , 204 ,100%,83%,100%,85%,100%,92%,100%,95%,100%
,,,,,,,,,,, 457 , 204 ,100%,83%,100%,86%,100%,92%,100%,95%,100%
,,,,,,,,,,, 458 , 205 ,100%,83%,100%,86%,100%,92%,100%,95%,100%
,,,,,,,,,,, 459 , 205 ,100%,83%,100%,87%,100%,92%,100%,95%,100%
,,,,,,,,,,, 460 , 206 ,100%,84%,100%,87%,100%,92%,100%,95%,100%
,,,,,,,,,,, 461 , 206 ,100%,84%,100%,87%,100%,92%,100%,95%,100%
,,,,,,,,,,, 462 , 206 ,100%,84%,100%,89%,100%,92%,100%,95%,100%
,,,,,,,,,,, 463 , 207 ,100%,84%,100%,89%,100%,92%,100%,95%,100%
,,,,,,,,,,, 464 , 207 ,100%,84%,100%,89%,100%,92%,100%,95%,100%
,,,,,,,,,,, 465 , 208 ,100%,85%,100%,90%,100%,92%,100%,95%,100%
,,,,,,,,,,, 466 , 208 ,100%,85%,100%,91%,100%,92%,100%,95%,100%
,,,,,,,,,,, 467 , 208 ,100%,85%,100%,91%,100%,92%,100%,95%,100%
,,,,,,,,,,, 468 , 209 ,100%,86%,100%,91%,100%,92%,100%,95%,100%
,,,,,,,,,,, 469 , 209 ,100%,87%,100%,91%,100%,92%,100%,95%,100%
,,,,,,,,,,, 470 , 210 ,100%,87%,100%,91%,100%,92%,100%,95%,100%
,,,,,,,,,,, 471 , 210 ,100%,88%,100%,91%,100%,92%,100%,95%,100%
,,,,,,,,,,, 472 , 211 ,100%,88%,100%,91%,100%,92%,100%,95%,100%
,,,,,,,,,,, 473 , 211 ,100%,88%,100%,91%,100%,92%,100%,95%,100%
,,,,,,,,,,, 474 , 211 ,100%,88%,100%,91%,100%,92%,100%,95%,100%
,,,,,,,,,,, 475 , 212 ,100%,88%,100%,91%,100%,92%,100%,95%,100%
,,,,,,,,,,, 476 , 212 ,100%,88%,100%,91%,100%,92%,100%,95%,100%
,,,,,,,,,,, 477 , 213 ,100%,88%,100%,91%,100%,92%,100%,95%,100%
,,,,,,,,,,, 478 , 213 ,100%,88%,100%,91%,100%,92%,100%,95%,100%
,,,,,,,,,,, 479 , 213 ,100%,89%,100%,91%,100%,92%,100%,95%,100%
,,,,,,,,,,, 480 , 214 ,100%,89%,100%,91%,100%,92%,100%,95%,100%
,,,,,,,,,,, 481 , 214 ,100%,89%,100%,91%,100%,92%,100%,95%,100%
,,,,,,,,,,, 482 , 215 ,100%,89%,100%,91%,100%,92%,100%,95%,100%
,,,,,,,,,,, 483 , 215 ,100%,89%,100%,91%,100%,92%,100%,95%,100%
,,,,,,,,,,, 484 , 216 ,100%,89%,100%,91%,100%,92%,100%,95%,100%
,,,,,,,,,,, 485 , 216 ,100%,90%,100%,91%,100%,92%,100%,95%,100%
,,,,,,,,,,, 486 , 216 ,100%,91%,100%,91%,100%,92%,100%,95%,100%
,,,,,,,,,,, 487 , 217 ,100%,92%,100%,91%,100%,92%,100%,95%,100%
,,,,,,,,,,, 488 , 217 ,100%,93%,100%,91%,100%,92%,100%,95%,100%
,,,,,,,,,,, 489 , 218 ,100%,94%,100%,91%,100%,92%,100%,95%,100%
,,,,,,,,,,, 490 , 218 ,100%,94%,100%,91%,100%,92%,100%,95%,100%
,,,,,,,,,,, 491 , 218 ,100%,94%,100%,91%,100%,92%,100%,95%,100%
,,,,,,,,,,, 492 , 219 ,100%,94%,100%,91%,100%,92%,100%,95%,100%
,,,,,,,,,,, 493 , 219 ,100%,94%,100%,91%,100%,92%,100%,95%,100%
,,,,,,,,,,, 494 , 220 ,100%,94%,100%,94%,100%,92%,100%,95%,100%
,,,,,,,,,,, 495 , 220 ,100%,94%,100%,94%,100%,92%,100%,95%,100%
,,,,,,,,,,, 496 , 220 ,100%,94%,100%,94%,100%,92%,100%,95%,100%
,,,,,,,,,,, 497 , 221 ,100%,94%,100%,94%,100%,92%,100%,95%,100%
,,,,,,,,,,, 498 , 221 ,100%,94%,100%,94%,100%,92%,100%,95%,100%
,,,,,,,,,,, 499 , 222 ,100%,94%,100%,94%,100%,92%,100%,95%,100%
,,,,,,,,,,, 500 , 222 ,100%,94%,100%,94%,100%,92%,100%,95%,100%
,,,,,,,,,,, 501 , 223 ,100%,94%,100%,94%,100%,92%,100%,95%,100%
,,,,,,,,,,, 502 , 223 ,100%,95%,100%,94%,100%,92%,100%,95%,100%
,,,,,,,,,,, 503 , 223 ,100%,96%,100%,94%,100%,92%,100%,95%,100%
,,,,,,,,,,, 504 , 224 ,100%,96%,100%,94%,100%,92%,100%,95%,100%
,,,,,,,,,,, 505 , 224 ,100%,96%,100%,94%,100%,92%,100%,95%,100%
,,,,,,,,,,, 506 , 225 ,100%,96%,100%,94%,100%,92%,100%,95%,100%
,,,,,,,,,,, 507 , 225 ,100%,96%,100%,95%,100%,92%,100%,95%,100%
,,,,,,,,,,, 508 , 225 ,100%,96%,100%,95%,100%,92%,100%,95%,100%
,,,,,,,,,,, 509 , 226 ,100%,96%,100%,95%,100%,92%,100%,95%,100%
,,,,,,,,,,, 510 , 226 ,100%,96%,100%,95%,100%,92%,100%,95%,100%
,,,,,,,,,,, 511 , 227 ,100%,96%,100%,95%,100%,92%,100%,95%,100%
,,,,,,,,,,, 512 , 227 ,100%,97%,100%,95%,100%,92%,100%,95%,100%
,,,,,,,,,,, 513 , 228 ,100%,97%,100%,95%,100%,92%,100%,95%,100%
,,,,,,,,,,, 514 , 228 ,100%,97%,100%,95%,100%,92%,100%,95%,100%
,,,,,,,,,,, 515 , 228 ,100%,98%,100%,95%,100%,92%,100%,95%,100%
,,,,,,,,,,, 516 , 229 ,100%,98%,100%,95%,100%,92%,100%,95%,100%
,,,,,,,,,,, 517 , 229 ,100%,98%,100%,95%,100%,92%,100%,95%,100%
,,,,,,,,,,, 518 , 230 ,100%,98%,100%,95%,100%,92%,100%,95%,100%
,,,,,,,,,,, 519 , 230 ,100%,98%,100%,95%,100%,92%,100%,95%,100%
,,,,,,,,,,, 520 , 230 ,100%,98%,100%,95%,100%,92%,100%,95%,100%
,,,,,,,,,,, 521 , 231 ,100%,98%,100%,95%,100%,92%,100%,95%,100%
,,,,,,,,,,, 522 , 231 ,100%,98%,100%,95%,100%,92%,100%,95%,100%
,,,,,,,,,,, 523 , 232 ,100%,98%,100%,95%,100%,92%,100%,95%,100%
,,,,,,,,,,, 524 , 232 ,100%,98%,100%,95%,100%,92%,100%,95%,100%
,,,,,,,,,,, 525 , 232 ,100%,98%,100%,95%,100%,92%,100%,95%,100%
,,,,,,,,,,, 526 , 233 ,100%,98%,100%,95%,100%,92%,100%,95%,100%
,,,,,,,,,,, 527 , 233 ,100%,98%,100%,95%,100%,92%,100%,95%,100%
,,,,,,,,,,, 528 , 234 ,100%,98%,100%,95%,100%,92%,100%,95%,100%
,,,,,,,,,,, 529 , 234 ,100%,98%,100%,95%,100%,92%,100%,95%,100%
,,,,,,,,,,, 530 , 235 ,100%,98%,100%,95%,100%,92%,100%,95%,100%
,,,,,,,,,,, 531 , 235 ,100%,98%,100%,95%,100%,92%,100%,95%,100%
,,,,,,,,,,, 532 , 235 ,100%,98%,100%,95%,100%,92%,100%,95%,100%
,,,,,,,,,,, 533 , 236 ,100%,98%,100%,95%,100%,92%,100%,95%,100%
,,,,,,,,,,, 534 , 236 ,100%,98%,100%,95%,100%,92%,100%,95%,100%
,,,,,,,,,,, 535 , 237 ,100%,98%,100%,95%,100%,92%,100%,95%,100%
,,,,,,,,,,, 536 , 237 ,100%,98%,100%,95%,100%,92%,100%,95%,100%
,,,,,,,,,,, 537 , 237 ,100%,98%,100%,95%,100%,92%,100%,95%,100%
,,,,,,,,,,, 538 , 238 ,100%,98%,100%,95%,100%,92%,100%,95%,100%
,,,,,,,,,,, 539 , 238 ,100%,98%,100%,95%,100%,92%,100%,95%,100%
,,,,,,,,,,, 540 , 239 ,100%,98%,100%,95%,100%,92%,100%,95%,100%
,,,,,,,,,,, 541 , 239 ,100%,98%,100%,95%,100%,92%,100%,95%,100%
,,,,,,,,,,, 542 , 240 ,100%,98%,100%,95%,100%,92%,100%,95%,100%
,,,,,,,,,,, 543 , 240 ,100%,98%,100%,95%,100%,92%,100%,95%,100%
,,,,,,,,,,, 544 , 240 ,100%,98%,100%,95%,100%,92%,100%,95%,100%
,,,,,,,,,,, 545 , 241 ,100%,98%,100%,95%,100%,92%,100%,96%,100%
,,,,,,,,,,, 546 , 241 ,100%,99%,100%,95%,100%,92%,100%,96%,100%
,,,,,,,,,,, 547 , 242 ,100%,99%,100%,95%,100%,92%,100%,96%,100%
,,,,,,,,,,, 548 , 242 ,100%,99%,100%,95%,100%,92%,100%,96%,100%
,,,,,,,,,,, 549 , 242 ,100%,99%,100%,95%,100%,92%,100%,96%,100%
,,,,,,,,,,, 550 , 243 ,100%,99%,100%,95%,100%,92%,100%,96%,100%
,,,,,,,,,,, 551 , 243 ,100%,99%,100%,95%,100%,92%,100%,96%,100%
,,,,,,,,,,, 552 , 244 ,100%,99%,100%,95%,100%,92%,100%,96%,100%
,,,,,,,,,,, 553 , 244 ,100%,99%,100%,95%,100%,92%,100%,96%,100%
,,,,,,,,,,, 554 , 244 ,100%,99%,100%,95%,100%,92%,100%,96%,100%
,,,,,,,,,,, 555 , 245 ,100%,99%,100%,95%,100%,92%,100%,96%,100%
,,,,,,,,,,, 556 , 245 ,100%,99%,100%,95%,100%,92%,100%,96%,100%
,,,,,,,,,,, 557 , 246 ,100%,99%,100%,95%,100%,92%,100%,96%,100%
,,,,,,,,,,, 558 , 246 ,100%,99%,100%,95%,100%,92%,100%,96%,100%
,,,,,,,,,,, 559 , 247 ,100%,99%,100%,95%,100%,92%,100%,96%,100%
,,,,,,,,,,, 560 , 247 ,100%,99%,100%,95%,100%,92%,100%,96%,100%
,,,,,,,,,,, 561 , 247 ,100%,99%,100%,95%,100%,92%,100%,96%,100%
,,,,,,,,,,, 562 , 248 ,100%,99%,100%,95%,100%,92%,100%,96%,100%
,,,,,,,,,,, 563 , 248 ,100%,99%,100%,95%,100%,92%,100%,96%,100%
,,,,,,,,,,, 564 , 249 ,100%,99%,100%,95%,100%,92%,100%,96%,100%
,,,,,,,,,,, 565 , 249 ,100%,99%,100%,95%,100%,92%,100%,96%,100%
,,,,,,,,,,, 566 , 249 ,100%,99%,100%,95%,100%,92%,100%,96%,100%
,,,,,,,,,,, 567 , 250 ,100%,99%,100%,95%,100%,92%,100%,96%,100%
,,,,,,,,,,, 568 , 250 ,100%,99%,100%,95%,100%,92%,100%,96%,100%
,,,,,,,,,,, 569 , 251 ,100%,99%,100%,95%,100%,92%,100%,96%,100%
,,,,,,,,,,, 570 , 251 ,100%,99%,100%,95%,100%,92%,100%,96%,100%
,,,,,,,,,,, 571 , 252 ,100%,99%,100%,95%,100%,92%,100%,96%,100%
,,,,,,,,,,, 572 , 252 ,100%,99%,100%,95%,100%,92%,100%,96%,100%
,,,,,,,,,,, 573 , 252 ,100%,99%,100%,95%,100%,92%,100%,96%,100%
,,,,,,,,,,, 574 , 253 ,100%,99%,100%,95%,100%,92%,100%,96%,100%
,,,,,,,,,,, 575 , 253 ,100%,99%,100%,95%,100%,92%,100%,96%,100%
,,,,,,,,,,, 576 , 254 ,100%,99%,100%,95%,100%,92%,100%,96%,100%
,,,,,,,,,,, 577 , 254 ,100%,99%,100%,95%,100%,92%,100%,96%,100%
,,,,,,,,,,, 578 , 254 ,100%,99%,100%,95%,100%,92%,100%,96%,100%
,,,,,,,,,,, 579 , 255 ,100%,99%,100%,95%,100%,92%,100%,96%,100%
,,,,,,,,,,, 580 , 255 ,100%,99%,100%,95%,100%,92%,100%,96%,100%
,,,,,,,,,,, 581 , 256 ,100%,99%,100%,95%,100%,92%,100%,96%,100%
,,,,,,,,,,, 582 , 256 ,100%,99%,100%,95%,100%,92%,100%,96%,100%
,,,,,,,,,,, 583 , 256 ,100%,99%,100%,95%,100%,92%,100%,96%,100%
,,,,,,,,,,, 584 , 257 ,100%,99%,100%,95%,100%,92%,100%,96%,100%
,,,,,,,,,,, 585 , 257 ,100%,99%,100%,95%,100%,92%,100%,96%,100%
,,,,,,,,,,, 586 , 258 ,100%,99%,100%,95%,100%,92%,100%,96%,100%
,,,,,,,,,,, 587 , 258 ,100%,99%,100%,95%,100%,92%,100%,96%,100%
,,,,,,,,,,, 588 , 259 ,100%,99%,100%,95%,100%,92%,100%,96%,100%
,,,,,,,,,,, 589 , 259 ,100%,99%,100%,95%,100%,92%,100%,96%,100%
,,,,,,,,,,, 590 , 259 ,100%,99%,100%,95%,100%,92%,100%,96%,100%
,,,,,,,,,,, 591 , 260 ,100%,99%,100%,95%,100%,92%,100%,96%,100%
,,,,,,,,,,, 592 , 260 ,100%,99%,100%,95%,100%,92%,100%,96%,100%
,,,,,,,,,,, 593 , 261 ,100%,99%,100%,95%,100%,92%,100%,96%,100%
,,,,,,,,,,, 594 , 261 ,100%,99%,100%,95%,100%,92%,100%,96%,100%
,,,,,,,,,,, 595 , 261 ,100%,99%,100%,95%,100%,92%,100%,96%,100%
,,,,,,,,,,, 596 , 262 ,100%,99%,100%,95%,100%,92%,100%,96%,100%
,,,,,,,,,,, 597 , 262 ,100%,99%,100%,95%,100%,92%,100%,96%,100%
,,,,,,,,,,, 598 , 263 ,100%,99%,100%,95%,100%,92%,100%,96%,100%
,,,,,,,,,,, 599 , 263 ,100%,99%,100%,95%,100%,92%,100%,96%,100%
,,,,,,,,,,, 600 , 264 ,100%,99%,100%,95%,100%,92%,100%,96%,100%
,,,,,,,,,,, 601 , 264 ,100%,99%,100%,95%,100%,92%,100%,96%,100%
,,,,,,,,,,, 602 , 264 ,100%,99%,100%,95%,100%,92%,100%,96%,100%
,,,,,,,,,,, 603 , 265 ,100%,99%,100%,95%,100%,92%,100%,96%,100%
,,,,,,,,,,, 604 , 265 ,100%,99%,100%,95%,100%,92%,100%,96%,100%
,,,,,,,,,,, 605 , 266 ,100%,99%,100%,95%,100%,92%,100%,96%,100%
,,,,,,,,,,, 606 , 266 ,100%,99%,100%,95%,100%,92%,100%,96%,100%
,,,,,,,,,,, 607 , 266 ,100%,99%,100%,95%,100%,92%,100%,96%,100%
,,,,,,,,,,, 608 , 267 ,100%,99%,100%,95%,100%,92%,100%,96%,100%
,,,,,,,,,,, 609 , 267 ,100%,99%,100%,95%,100%,92%,100%,96%,100%
,,,,,,,,,,, 610 , 268 ,100%,99%,100%,95%,100%,92%,100%,96%,100%
,,,,,,,,,,, 611 , 268 ,100%,99%,100%,95%,100%,92%,100%,96%,100%
,,,,,,,,,,, 612 , 268 ,100%,99%,100%,95%,100%,92%,100%,96%,100%
,,,,,,,,,,, 613 , 269 ,100%,99%,100%,95%,100%,92%,100%,96%,100%
,,,,,,,,,,, 614 , 269 ,100%,99%,100%,95%,100%,92%,100%,96%,100%
,,,,,,,,,,, 615 , 270 ,100%,99%,100%,95%,100%,92%,100%,96%,100%
,,,,,,,,,,, 616 , 270 ,100%,99%,100%,95%,100%,92%,100%,96%,100%
,,,,,,,,,,, 617 , 271 ,100%,99%,100%,95%,100%,92%,100%,96%,100%
,,,,,,,,,,, 618 , 271 ,100%,99%,100%,95%,100%,92%,100%,96%,100%
,,,,,,,,,,, 619 , 271 ,100%,99%,100%,95%,100%,92%,100%,96%,100%
,,,,,,,,,,, 620 , 272 ,100%,99%,100%,95%,100%,92%,100%,96%,100%
,,,,,,,,,,, 621 , 272 ,100%,99%,100%,95%,100%,92%,100%,96%,100%
,,,,,,,,,,, 622 , 273 ,100%,99%,100%,95%,100%,92%,100%,96%,100%
,,,,,,,,,,, 623 , 273 ,100%,99%,100%,95%,100%,92%,100%,96%,100%
,,,,,,,,,,, 624 , 273 ,100%,99%,100%,95%,100%,92%,100%,96%,100%
,,,,,,,,,,, 625 , 274 ,100%,99%,100%,95%,100%,92%,100%,96%,100%
,,,,,,,,,,, 626 , 274 ,100%,99%,100%,95%,100%,92%,100%,96%,100%
,,,,,,,,,,, 627 , 275 ,100%,99%,100%,95%,100%,92%,100%,96%,100%
,,,,,,,,,,, 628 , 275 ,100%,99%,100%,96%,100%,92%,100%,96%,100%
,,,,,,,,,,, 629 , 275 ,100%,99%,100%,96%,100%,92%,100%,96%,100%
,,,,,,,,,,, 630 , 276 ,100%,99%,100%,96%,100%,92%,100%,96%,100%
,,,,,,,,,,, 631 , 276 ,100%,99%,100%,96%,100%,92%,100%,96%,100%
,,,,,,,,,,, 632 , 277 ,100%,99%,100%,96%,100%,92%,100%,96%,100%
,,,,,,,,,,, 633 , 277 ,100%,100%,100%,96%,100%,92%,100%,96%,100%
,,,,,,,,,,, 634 , 278 ,100%,100%,100%,96%,100%,93%,100%,96%,100%
,,,,,,,,,,, 635 , 278 ,100%,100%,100%,96%,100%,93%,100%,96%,100%
,,,,,,,,,,, 636 , 278 ,100%,100%,100%,96%,100%,93%,100%,96%,100%
,,,,,,,,,,, 637 , 279 ,100%,100%,100%,96%,100%,93%,100%,96%,100%
,,,,,,,,,,, 638 , 279 ,100%,100%,100%,96%,100%,93%,100%,96%,100%
,,,,,,,,,,, 639 , 280 ,100%,100%,100%,96%,100%,94%,100%,96%,100%
,,,,,,,,,,, 640 , 280 ,100%,100%,100%,97%,100%,94%,100%,96%,100%
,,,,,,,,,,, 641 , 280 ,100%,100%,100%,97%,100%,94%,100%,96%,100%
,,,,,,,,,,, 642 , 281 ,100%,100%,100%,97%,100%,94%,100%,96%,100%
,,,,,,,,,,, 643 , 281 ,100%,100%,100%,97%,100%,94%,100%,96%,100%
,,,,,,,,,,, 644 , 282 ,100%,100%,100%,98%,100%,94%,100%,96%,100%
,,,,,,,,,,, 645 , 282 ,100%,100%,100%,98%,100%,94%,100%,96%,100%
,,,,,,,,,,, 646 , 283 ,100%,100%,100%,98%,100%,94%,100%,96%,100%
,,,,,,,,,,, 647 , 283 ,100%,100%,100%,98%,100%,94%,100%,96%,100%
,,,,,,,,,,, 648 , 283 ,100%,100%,100%,98%,100%,94%,100%,96%,100%
,,,,,,,,,,, 649 , 284 ,100%,100%,100%,98%,100%,94%,100%,96%,100%
,,,,,,,,,,, 650 , 284 ,100%,100%,100%,98%,100%,94%,100%,96%,100%
,,,,,,,,,,, 651 , 285 ,100%,100%,100%,98%,100%,94%,100%,96%,100%
,,,,,,,,,,, 652 , 285 ,100%,100%,100%,99%,100%,94%,100%,96%,100%
,,,,,,,,,,, 653 , 285 ,100%,100%,100%,99%,100%,94%,100%,96%,100%
,,,,,,,,,,, 654 , 286 ,100%,100%,100%,99%,100%,94%,100%,96%,100%
,,,,,,,,,,, 655 , 286 ,100%,100%,100%,99%,100%,94%,100%,96%,100%
,,,,,,,,,,, 656 , 287 ,100%,100%,100%,99%,100%,94%,100%,96%,100%
,,,,,,,,,,, 657 , 287 ,100%,100%,100%,99%,100%,95%,100%,96%,100%
,,,,,,,,,,, 658 , 287 ,100%,100%,100%,99%,100%,95%,100%,96%,100%
,,,,,,,,,,, 659 , 288 ,100%,100%,100%,99%,100%,95%,100%,97%,100%
,,,,,,,,,,, 660 , 288 ,100%,100%,100%,99%,100%,95%,100%,97%,100%
,,,,,,,,,,, 661 , 289 ,100%,100%,100%,99%,100%,95%,100%,97%,100%
,,,,,,,,,,, 662 , 289 ,100%,100%,100%,99%,100%,95%,100%,97%,100%
,,,,,,,,,,, 663 , 290 ,100%,100%,100%,99%,100%,96%,100%,97%,100%
,,,,,,,,,,, 664 , 290 ,100%,100%,100%,99%,100%,96%,100%,97%,100%
,,,,,,,,,,, 665 , 290 ,100%,100%,100%,99%,100%,96%,100%,97%,100%
,,,,,,,,,,, 666 , 291 ,100%,100%,100%,99%,100%,96%,100%,97%,100%
,,,,,,,,,,, 667 , 291 ,100%,100%,100%,99%,100%,96%,100%,97%,100%
,,,,,,,,,,, 668 , 292 ,100%,100%,100%,99%,100%,96%,100%,97%,100%
,,,,,,,,,,, 669 , 292 ,100%,100%,100%,99%,100%,96%,100%,97%,100%
,,,,,,,,,,, 670 , 292 ,100%,100%,100%,99%,100%,96%,100%,97%,100%
,,,,,,,,,,, 671 , 293 ,100%,100%,100%,99%,100%,96%,100%,97%,100%
,,,,,,,,,,, 672 , 293 ,100%,100%,100%,99%,100%,97%,100%,97%,100%
,,,,,,,,,,, 673 , 294 ,100%,100%,100%,99%,100%,97%,100%,97%,100%
,,,,,,,,,,, 674 , 294 ,100%,100%,100%,99%,100%,97%,100%,98%,100%
,,,,,,,,,,, 675 , 295 ,100%,100%,100%,99%,100%,97%,100%,98%,100%
,,,,,,,,,,, 676 , 295 ,100%,100%,100%,99%,100%,97%,100%,98%,100%
,,,,,,,,,,, 677 , 295 ,100%,100%,100%,99%,100%,97%,100%,98%,100%
,,,,,,,,,,, 678 , 296 ,100%,100%,100%,99%,100%,97%,100%,98%,100%
,,,,,,,,,,, 679 , 296 ,100%,100%,100%,99%,100%,97%,100%,98%,100%
,,,,,,,,,,, 680 , 297 ,100%,100%,100%,100%,100%,97%,100%,98%,100%
,,,,,,,,,,, 681 , 297 ,100%,100%,100%,100%,100%,97%,100%,98%,100%
,,,,,,,,,,, 682 , 297 ,100%,100%,100%,100%,100%,97%,100%,98%,100%
,,,,,,,,,,, 683 , 298 ,100%,100%,100%,100%,100%,97%,100%,98%,100%
,,,,,,,,,,, 684 , 298 ,100%,100%,100%,100%,100%,97%,100%,98%,100%
,,,,,,,,,,, 685 , 299 ,100%,100%,100%,100%,100%,97%,100%,98%,100%
,,,,,,,,,,, 686 , 299 ,100%,100%,100%,100%,100%,97%,100%,98%,100%
,,,,,,,,,,, 687 , 299 ,100%,100%,100%,100%,100%,97%,100%,98%,100%
,,,,,,,,,,, 688 , 300 ,100%,100%,100%,100%,100%,97%,100%,98%,100%
,,,,,,,,,,, 689 , 300 ,100%,100%,100%,100%,100%,97%,100%,98%,100%
,,,,,,,,,,, 690 , 301 ,100%,100%,100%,100%,100%,99%,100%,98%,100%
,,,,,,,,,,, 691 , 301 ,100%,100%,100%,100%,100%,99%,100%,98%,100%
,,,,,,,,,,, 692 , 302 ,100%,100%,100%,100%,100%,99%,100%,98%,100%
,,,,,,,,,,, 693 , 302 ,100%,100%,100%,100%,100%,99%,100%,98%,100%
,,,,,,,,,,, 694 , 302 ,100%,100%,100%,100%,100%,99%,100%,98%,100%
,,,,,,,,,,, 695 , 303 ,100%,100%,100%,100%,100%,99%,100%,98%,100%
,,,,,,,,,,, 696 , 303 ,100%,100%,100%,100%,100%,99%,100%,98%,100%
,,,,,,,,,,, 697 , 304 ,100%,100%,100%,100%,100%,99%,100%,98%,100%
,,,,,,,,,,, 698 , 304 ,100%,100%,100%,100%,100%,99%,100%,98%,100%
,,,,,,,,,,, 699 , 304 ,100%,100%,100%,100%,100%,99%,100%,98%,100%
,,,,,,,,,,, 700 , 305 ,100%,100%,100%,100%,100%,99%,100%,98%,100%
,,,,,,,,,,, 701 , 305 ,100%,100%,100%,100%,100%,99%,100%,98%,100%
,,,,,,,,,,, 702 , 306 ,100%,100%,100%,100%,100%,99%,100%,98%,100%
,,,,,,,,,,, 703 , 306 ,100%,100%,100%,100%,100%,99%,100%,98%,100%
,,,,,,,,,,, 704 , 307 ,100%,100%,100%,100%,100%,99%,100%,98%,100%
,,,,,,,,,,, 705 , 307 ,100%,100%,100%,100%,100%,99%,100%,98%,100%
,,,,,,,,,,, 706 , 307 ,100%,100%,100%,100%,100%,99%,100%,98%,100%
,,,,,,,,,,, 707 , 308 ,100%,100%,100%,100%,100%,99%,100%,98%,100%
,,,,,,,,,,, 708 , 308 ,100%,100%,100%,100%,100%,99%,100%,98%,100%
,,,,,,,,,,, 709 , 309 ,100%,100%,100%,100%,100%,99%,100%,99%,100%
,,,,,,,,,,, 710 , 309 ,100%,100%,100%,100%,100%,99%,100%,99%,100%
,,,,,,,,,,, 711 , 309 ,100%,100%,100%,100%,100%,99%,100%,99%,100%
,,,,,,,,,,, 712 , 310 ,100%,100%,100%,100%,100%,99%,100%,99%,100%
,,,,,,,,,,, 713 , 310 ,100%,100%,100%,100%,100%,99%,100%,99%,100%
,,,,,,,,,,, 714 , 311 ,100%,100%,100%,100%,100%,99%,100%,99%,100%
,,,,,,,,,,, 715 , 311 ,100%,100%,100%,100%,100%,99%,100%,99%,100%
,,,,,,,,,,, 716 , 311 ,100%,100%,100%,100%,100%,99%,100%,99%,100%
,,,,,,,,,,, 717 , 312 ,100%,100%,100%,100%,100%,99%,100%,99%,100%
,,,,,,,,,,, 718 , 312 ,100%,100%,100%,100%,100%,99%,100%,99%,100%
,,,,,,,,,,, 719 , 313 ,100%,100%,100%,100%,100%,99%,100%,99%,100%
,,,,,,,,,,, 720 , 313 ,100%,100%,100%,100%,100%,99%,100%,99%,100%
,,,,,,,,,,, 721 , 314 ,100%,100%,100%,100%,100%,99%,100%,99%,100%
,,,,,,,,,,, 722 , 314 ,100%,100%,100%,100%,100%,99%,100%,99%,100%
,,,,,,,,,,, 723 , 314 ,100%,100%,100%,100%,100%,99%,100%,99%,100%
,,,,,,,,,,, 724 , 315 ,100%,100%,100%,100%,100%,99%,100%,99%,100%
,,,,,,,,,,, 725 , 315 ,100%,100%,100%,100%,100%,99%,100%,99%,100%
,,,,,,,,,,, 726 , 316 ,100%,100%,100%,100%,100%,99%,100%,99%,100%
,,,,,,,,,,, 727 , 316 ,100%,100%,100%,100%,100%,99%,100%,99%,100%
,,,,,,,,,,, 728 , 316 ,100%,100%,100%,100%,100%,99%,100%,99%,100%
,,,,,,,,,,, 729 , 317 ,100%,100%,100%,100%,100%,99%,100%,99%,100%
,,,,,,,,,,, 730 , 317 ,100%,100%,100%,100%,100%,99%,100%,99%,100%
,,,,,,,,,,, 731 , 318 ,100%,100%,100%,100%,100%,99%,100%,99%,100%
,,,,,,,,,,, 732 , 318 ,100%,100%,100%,100%,100%,99%,100%,99%,100%
,,,,,,,,,,, 733 , 319 ,100%,100%,100%,100%,100%,99%,100%,99%,100%
,,,,,,,,,,, 734 , 319 ,100%,100%,100%,100%,100%,99%,100%,99%,100%
,,,,,,,,,,, 735 , 319 ,100%,100%,100%,100%,100%,99%,100%,99%,100%
,,,,,,,,,,, 736 , 320 ,100%,100%,100%,100%,100%,99%,100%,99%,100%
,,,,,,,,,,, 737 , 320 ,100%,100%,100%,100%,100%,99%,100%,99%,100%
,,,,,,,,,,, 738 , 321 ,100%,100%,100%,100%,100%,99%,100%,99%,100%
,,,,,,,,,,, 739 , 321 ,100%,100%,100%,100%,100%,99%,100%,99%,100%
,,,,,,,,,,, 740 , 321 ,100%,100%,100%,100%,100%,100%,100%,99%,100%
,,,,,,,,,,, 741 , 322 ,100%,100%,100%,100%,100%,100%,100%,99%,100%
,,,,,,,,,,, 742 , 322 ,100%,100%,100%,100%,100%,100%,100%,99%,100%
,,,,,,,,,,, 743 , 323 ,100%,100%,100%,100%,100%,100%,100%,99%,100%
,,,,,,,,,,, 744 , 323 ,100%,100%,100%,100%,100%,100%,100%,99%,100%
,,,,,,,,,,, 745 , 323 ,100%,100%,100%,100%,100%,100%,100%,99%,100%
,,,,,,,,,,, 746 , 324 ,100%,100%,100%,100%,100%,100%,100%,99%,100%
,,,,,,,,,,, 747 , 324 ,100%,100%,100%,100%,100%,100%,100%,99%,100%
,,,,,,,,,,, 748 , 325 ,100%,100%,100%,100%,100%,100%,100%,99%,100%
,,,,,,,,,,, 749 , 325 ,100%,100%,100%,100%,100%,100%,100%,99%,100%
,,,,,,,,,,, 750 , 326 ,100%,100%,100%,100%,100%,100%,100%,99%,100%
,,,,,,,,,,, 751 , 326 ,100%,100%,100%,100%,100%,100%,100%,99%,100%
,,,,,,,,,,, 752 , 326 ,100%,100%,100%,100%,100%,100%,100%,99%,100%
,,,,,,,,,,, 753 , 327 ,100%,100%,100%,100%,100%,100%,100%,99%,100%
,,,,,,,,,,, 754 , 327 ,100%,100%,100%,100%,100%,100%,100%,99%,100%
,,,,,,,,,,, 755 , 328 ,100%,100%,100%,100%,100%,100%,100%,99%,100%
,,,,,,,,,,, 756 , 328 ,100%,100%,100%,100%,100%,100%,100%,99%,100%
,,,,,,,,,,, 757 , 328 ,100%,100%,100%,100%,100%,100%,100%,99%,100%
,,,,,,,,,,, 758 , 329 ,100%,100%,100%,100%,100%,100%,100%,99%,100%
,,,,,,,,,,, 759 , 329 ,100%,100%,100%,100%,100%,100%,100%,99%,100%
,,,,,,,,,,, 760 , 330 ,100%,100%,100%,100%,100%,100%,100%,99%,100%
,,,,,,,,,,, 761 , 330 ,100%,100%,100%,100%,100%,100%,100%,99%,100%
,,,,,,,,,,, 762 , 331 ,100%,100%,100%,100%,100%,100%,100%,99%,100%
,,,,,,,,,,, 763 , 331 ,100%,100%,100%,100%,100%,100%,100%,99%,100%
,,,,,,,,,,, 764 , 331 ,100%,100%,100%,100%,100%,100%,100%,99%,100%
,,,,,,,,,,, 765 , 332 ,100%,100%,100%,100%,100%,100%,100%,99%,100%
,,,,,,,,,,, 766 , 332 ,100%,100%,100%,100%,100%,100%,100%,99%,100%
,,,,,,,,,,, 767 , 333 ,100%,100%,100%,100%,100%,100%,100%,99%,100%
,,,,,,,,,,, 768 , 333 ,100%,100%,100%,100%,100%,100%,100%,99%,100%
,,,,,,,,,,, 769 , 333 ,100%,100%,100%,100%,100%,100%,100%,99%,100%
,,,,,,,,,,, 770 , 334 ,100%,100%,100%,100%,100%,100%,100%,99%,100%
,,,,,,,,,,, 771 , 334 ,100%,100%,100%,100%,100%,100%,100%,99%,100%
,,,,,,,,,,, 772 , 335 ,100%,100%,100%,100%,100%,100%,100%,99%,100%
,,,,,,,,,,, 773 , 335 ,100%,100%,100%,100%,100%,100%,100%,99%,100%
,,,,,,,,,,, 774 , 335 ,100%,100%,100%,100%,100%,100%,100%,99%,100%
,,,,,,,,,,, 775 , 336 ,100%,100%,100%,100%,100%,100%,100%,99%,100%
,,,,,,,,,,, 776 , 336 ,100%,100%,100%,100%,100%,100%,100%,99%,100%
,,,,,,,,,,, 777 , 337 ,100%,100%,100%,100%,100%,100%,100%,99%,100%
,,,,,,,,,,, 778 , 337 ,100%,100%,100%,100%,100%,100%,100%,99%,100%
,,,,,,,,,,, 779 , 338 ,100%,100%,100%,100%,100%,100%,100%,99%,100%
,,,,,,,,,,, 780 , 338 ,100%,100%,100%,100%,100%,100%,100%,99%,100%
,,,,,,,,,,, 781 , 338 ,100%,100%,100%,100%,100%,100%,100%,99%,100%
,,,,,,,,,,, 782 , 339 ,100%,100%,100%,100%,100%,100%,100%,99%,100%
,,,,,,,,,,, 783 , 339 ,100%,100%,100%,100%,100%,100%,100%,99%,100%
,,,,,,,,,,, 784 , 340 ,100%,100%,100%,100%,100%,100%,100%,99%,100%
,,,,,,,,,,, 785 , 340 ,100%,100%,100%,100%,100%,100%,100%,99%,100%
,,,,,,,,,,, 786 , 340 ,100%,100%,100%,100%,100%,100%,100%,99%,100%
,,,,,,,,,,, 787 , 341 ,100%,100%,100%,100%,100%,100%,100%,99%,100%
,,,,,,,,,,, 788 , 341 ,100%,100%,100%,100%,100%,100%,100%,99%,100%
,,,,,,,,,,, 789 , 342 ,100%,100%,100%,100%,100%,100%,100%,99%,100%
,,,,,,,,,,, 790 , 342 ,100%,100%,100%,100%,100%,100%,100%,99%,100%
,,,,,,,,,,, 791 , 343 ,100%,100%,100%,100%,100%,100%,100%,99%,100%
,,,,,,,,,,, 792 , 343 ,100%,100%,100%,100%,100%,100%,100%,99%,100%
,,,,,,,,,,, 793 , 343 ,100%,100%,100%,100%,100%,100%,100%,99%,100%
,,,,,,,,,,, 794 , 344 ,100%,100%,100%,100%,100%,100%,100%,99%,100%
,,,,,,,,,,, 795 , 344 ,100%,100%,100%,100%,100%,100%,100%,99%,100%
,,,,,,,,,,, 796 , 345 ,100%,100%,100%,100%,100%,100%,100%,99%,100%
,,,,,,,,,,, 797 , 345 ,100%,100%,100%,100%,100%,100%,100%,99%,100%
,,,,,,,,,,, 798 , 345 ,100%,100%,100%,100%,100%,100%,100%,99%,100%
,,,,,,,,,,, 799 , 346 ,100%,100%,100%,100%,100%,100%,100%,99%,100%
,,,,,,,,,,, 800 , 346 ,100%,100%,100%,100%,100%,100%,100%,99%,100%
,,,,,,,,,,, 801 , 347 ,100%,100%,100%,100%,100%,100%,100%,99%,100%
,,,,,,,,,,, 802 , 347 ,100%,100%,100%,100%,100%,100%,100%,99%,100%
,,,,,,,,,,, 803 , 347 ,100%,100%,100%,100%,100%,100%,100%,99%,100%
,,,,,,,,,,, 804 , 348 ,100%,100%,100%,100%,100%,100%,100%,99%,100%
,,,,,,,,,,, 805 , 348 ,100%,100%,100%,100%,100%,100%,100%,99%,100%
,,,,,,,,,,, 806 , 349 ,100%,100%,100%,100%,100%,100%,100%,99%,100%
,,,,,,,,,,, 807 , 349 ,100%,100%,100%,100%,100%,100%,100%,99%,100%
,,,,,,,,,,, 808 , 350 ,100%,100%,100%,100%,100%,100%,100%,99%,100%
,,,,,,,,,,, 809 , 350 ,100%,100%,100%,100%,100%,100%,100%,99%,100%
,,,,,,,,,,, 810 , 350 ,100%,100%,100%,100%,100%,100%,100%,99%,100%
,,,,,,,,,,, 811 , 351 ,100%,100%,100%,100%,100%,100%,100%,99%,100%
,,,,,,,,,,, 812 , 351 ,100%,100%,100%,100%,100%,100%,100%,99%,100%
,,,,,,,,,,, 813 , 352 ,100%,100%,100%,100%,100%,100%,100%,99%,100%
,,,,,,,,,,, 814 , 352 ,100%,100%,100%,100%,100%,100%,100%,99%,100%
,,,,,,,,,,, 815 , 352 ,100%,100%,100%,100%,100%,100%,100%,99%,100%
,,,,,,,,,,, 816 , 353 ,100%,100%,100%,100%,100%,100%,100%,99%,100%
,,,,,,,,,,, 817 , 353 ,100%,100%,100%,100%,100%,100%,100%,99%,100%
,,,,,,,,,,, 818 , 354 ,100%,100%,100%,100%,100%,100%,100%,99%,100%
,,,,,,,,,,, 819 , 354 ,100%,100%,100%,100%,100%,100%,100%,99%,100%
,,,,,,,,,,, 820 , 354 ,100%,100%,100%,100%,100%,100%,100%,99%,100%
,,,,,,,,,,, 821 , 355 ,100%,100%,100%,100%,100%,100%,100%,99%,100%
,,,,,,,,,,, 822 , 355 ,100%,100%,100%,100%,100%,100%,100%,99%,100%
,,,,,,,,,,, 823 , 356 ,100%,100%,100%,100%,100%,100%,100%,99%,100%
,,,,,,,,,,, 824 , 356 ,100%,100%,100%,100%,100%,100%,100%,99%,100%
,,,,,,,,,,, 825 , 357 ,100%,100%,100%,100%,100%,100%,100%,99%,100%
,,,,,,,,,,, 826 , 357 ,100%,100%,100%,100%,100%,100%,100%,99%,100%
,,,,,,,,,,, 827 , 357 ,100%,100%,100%,100%,100%,100%,100%,99%,100%
,,,,,,,,,,, 828 , 358 ,100%,100%,100%,100%,100%,100%,100%,99%,100%
,,,,,,,,,,, 829 , 358 ,100%,100%,100%,100%,100%,100%,100%,99%,100%
,,,,,,,,,,, 830 , 359 ,100%,100%,100%,100%,100%,100%,100%,99%,100%
,,,,,,,,,,, 831 , 359 ,100%,100%,100%,100%,100%,100%,100%,99%,100%
,,,,,,,,,,, 832 , 359 ,100%,100%,100%,100%,100%,100%,100%,99%,100%
,,,,,,,,,,, 833 , 360 ,100%,100%,100%,100%,100%,100%,100%,99%,100%
,,,,,,,,,,, 834 , 360 ,100%,100%,100%,100%,100%,100%,100%,99%,100%
,,,,,,,,,,, 835 , 361 ,100%,100%,100%,100%,100%,100%,100%,99%,100%
,,,,,,,,,,, 836 , 361 ,100%,100%,100%,100%,100%,100%,100%,99%,100%
,,,,,,,,,,, 837 , 362 ,100%,100%,100%,100%,100%,100%,100%,99%,100%
,,,,,,,,,,, 838 , 362 ,100%,100%,100%,100%,100%,100%,100%,99%,100%
,,,,,,,,,,, 839 , 362 ,100%,100%,100%,100%,100%,100%,100%,99%,100%
,,,,,,,,,,, 840 , 363 ,100%,100%,100%,100%,100%,100%,100%,99%,100%
,,,,,,,,,,, 841 , 363 ,100%,100%,100%,100%,100%,100%,100%,99%,100%
,,,,,,,,,,, 842 , 364 ,100%,100%,100%,100%,100%,100%,100%,99%,100%
,,,,,,,,,,, 843 , 364 ,100%,100%,100%,100%,100%,100%,100%,99%,100%
,,,,,,,,,,, 844 , 364 ,100%,100%,100%,100%,100%,100%,100%,99%,100%
,,,,,,,,,,, 845 , 365 ,100%,100%,100%,100%,100%,100%,100%,99%,100%
,,,,,,,,,,, 846 , 365 ,100%,100%,100%,100%,100%,100%,100%,99%,100%
,,,,,,,,,,, 847 , 366 ,100%,100%,100%,100%,100%,100%,100%,99%,100%
,,,,,,,,,,, 848 , 366 ,100%,100%,100%,100%,100%,100%,100%,99%,100%
,,,,,,,,,,, 849 , 366 ,100%,100%,100%,100%,100%,100%,100%,99%,100%
,,,,,,,,,,, 850 , 367 ,100%,100%,100%,100%,100%,100%,100%,99%,100%
,,,,,,,,,,, 851 , 367 ,100%,100%,100%,100%,100%,100%,100%,99%,100%
,,,,,,,,,,, 852 , 368 ,100%,100%,100%,100%,100%,100%,100%,99%,100%
,,,,,,,,,,, 853 , 368 ,100%,100%,100%,100%,100%,100%,100%,99%,100%
,,,,,,,,,,, 854 , 369 ,100%,100%,100%,100%,100%,100%,100%,99%,100%
,,,,,,,,,,, 855 , 369 ,100%,100%,100%,100%,100%,100%,100%,99%,100%
,,,,,,,,,,, 856 , 369 ,100%,100%,100%,100%,100%,100%,100%,99%,100%
,,,,,,,,,,, 857 , 370 ,100%,100%,100%,100%,100%,100%,100%,99%,100%
,,,,,,,,,,, 858 , 370 ,100%,100%,100%,100%,100%,100%,100%,99%,100%
,,,,,,,,,,, 859 , 371 ,100%,100%,100%,100%,100%,100%,100%,99%,100%
,,,,,,,,,,, 860 , 371 ,100%,100%,100%,100%,100%,100%,100%,99%,100%
,,,,,,,,,,, 861 , 371 ,100%,100%,100%,100%,100%,100%,100%,99%,100%
,,,,,,,,,,, 862 , 372 ,100%,100%,100%,100%,100%,100%,100%,99%,100%
,,,,,,,,,,, 863 , 372 ,100%,100%,100%,100%,100%,100%,100%,99%,100%
,,,,,,,,,,, 864 , 373 ,100%,100%,100%,100%,100%,100%,100%,99%,100%
,,,,,,,,,,, 865 , 373 ,100%,100%,100%,100%,100%,100%,100%,99%,100%
,,,,,,,,,,, 866 , 374 ,100%,100%,100%,100%,100%,100%,100%,99%,100%
,,,,,,,,,,, 867 , 374 ,100%,100%,100%,100%,100%,100%,100%,99%,100%
,,,,,,,,,,, 868 , 374 ,100%,100%,100%,100%,100%,100%,100%,99%,100%
,,,,,,,,,,, 869 , 375 ,100%,100%,100%,100%,100%,100%,100%,99%,100%
,,,,,,,,,,, 870 , 375 ,100%,100%,100%,100%,100%,100%,100%,99%,100%
,,,,,,,,,,, 871 , 376 ,100%,100%,100%,100%,100%,100%,100%,99%,100%
,,,,,,,,,,, 872 , 376 ,100%,100%,100%,100%,100%,100%,100%,99%,100%
,,,,,,,,,,, 873 , 376 ,100%,100%,100%,100%,100%,100%,100%,99%,100%
,,,,,,,,,,, 874 , 377 ,100%,100%,100%,100%,100%,100%,100%,99%,100%
,,,,,,,,,,, 875 , 377 ,100%,100%,100%,100%,100%,100%,100%,99%,100%
,,,,,,,,,,, 876 , 378 ,100%,100%,100%,100%,100%,100%,100%,99%,100%
,,,,,,,,,,, 877 , 378 ,100%,100%,100%,100%,100%,100%,100%,99%,100%
,,,,,,,,,,, 878 , 378 ,100%,100%,100%,100%,100%,100%,100%,99%,100%
,,,,,,,,,,, 879 , 379 ,100%,100%,100%,100%,100%,100%,100%,99%,100%
,,,,,,,,,,, 880 , 379 ,100%,100%,100%,100%,100%,100%,100%,99%,100%
,,,,,,,,,,, 881 , 380 ,100%,100%,100%,100%,100%,100%,100%,99%,100%
,,,,,,,,,,, 882 , 380 ,100%,100%,100%,100%,100%,100%,100%,99%,100%
,,,,,,,,,,, 883 , 381 ,100%,100%,100%,100%,100%,100%,100%,99%,100%
,,,,,,,,,,, 884 , 381 ,100%,100%,100%,100%,100%,100%,100%,99%,100%
,,,,,,,,,,, 885 , 381 ,100%,100%,100%,100%,100%,100%,100%,99%,100%
,,,,,,,,,,, 886 , 382 ,100%,100%,100%,100%,100%,100%,100%,99%,100%
,,,,,,,,,,, 887 , 382 ,100%,100%,100%,100%,100%,100%,100%,99%,100%
,,,,,,,,,,, 888 , 383 ,100%,100%,100%,100%,100%,100%,100%,99%,100%
,,,,,,,,,,, 889 , 383 ,100%,100%,100%,100%,100%,100%,100%,99%,100%
,,,,,,,,,,, 890 , 383 ,100%,100%,100%,100%,100%,100%,100%,99%,100%
,,,,,,,,,,, 891 , 384 ,100%,100%,100%,100%,100%,100%,100%,99%,100%
,,,,,,,,,,, 892 , 384 ,100%,100%,100%,100%,100%,100%,100%,99%,100%
,,,,,,,,,,, 893 , 385 ,100%,100%,100%,100%,100%,100%,100%,99%,100%
,,,,,,,,,,, 894 , 385 ,100%,100%,100%,100%,100%,100%,100%,99%,100%
,,,,,,,,,,, 895 , 386 ,100%,100%,100%,100%,100%,100%,100%,99%,100%
,,,,,,,,,,, 896 , 386 ,100%,100%,100%,100%,100%,100%,100%,99%,100%
,,,,,,,,,,, 897 , 386 ,100%,100%,100%,100%,100%,100%,100%,99%,100%
,,,,,,,,,,, 898 , 387 ,100%,100%,100%,100%,100%,100%,100%,99%,100%
,,,,,,,,,,, 899 , 387 ,100%,100%,100%,100%,100%,100%,100%,99%,100%
,,,,,,,,,,, 900 , 388 ,100%,100%,100%,100%,100%,100%,100%,99%,100%
,,,,,,,,,,, 901 , 388 ,100%,100%,100%,100%,100%,100%,100%,99%,100%
,,,,,,,,,,, 902 , 388 ,100%,100%,100%,100%,100%,100%,100%,99%,100%
,,,,,,,,,,, 903 , 389 ,100%,100%,100%,100%,100%,100%,100%,99%,100%
,,,,,,,,,,, 904 , 389 ,100%,100%,100%,100%,100%,100%,100%,99%,100%
,,,,,,,,,,, 905 , 390 ,100%,100%,100%,100%,100%,100%,100%,99%,100%
,,,,,,,,,,, 906 , 390 ,100%,100%,100%,100%,100%,100%,100%,99%,100%
,,,,,,,,,,, 907 , 390 ,100%,100%,100%,100%,100%,100%,100%,99%,100%
,,,,,,,,,,, 908 , 391 ,100%,100%,100%,100%,100%,100%,100%,99%,100%
,,,,,,,,,,, 909 , 391 ,100%,100%,100%,100%,100%,100%,100%,99%,100%
,,,,,,,,,,, 910 , 392 ,100%,100%,100%,100%,100%,100%,100%,99%,100%
,,,,,,,,,,, 911 , 392 ,100%,100%,100%,100%,100%,100%,100%,99%,100%
,,,,,,,,,,, 912 , 393 ,100%,100%,100%,100%,100%,100%,100%,99%,100%
,,,,,,,,,,, 913 , 393 ,100%,100%,100%,100%,100%,100%,100%,99%,100%
,,,,,,,,,,, 914 , 393 ,100%,100%,100%,100%,100%,100%,100%,99%,100%
,,,,,,,,,,, 915 , 394 ,100%,100%,100%,100%,100%,100%,100%,99%,100%
,,,,,,,,,,, 916 , 394 ,100%,100%,100%,100%,100%,100%,100%,99%,100%
,,,,,,,,,,, 917 , 395 ,100%,100%,100%,100%,100%,100%,100%,99%,100%
,,,,,,,,,,, 918 , 395 ,100%,100%,100%,100%,100%,100%,100%,99%,100%
,,,,,,,,,,, 919 , 395 ,100%,100%,100%,100%,100%,100%,100%,99%,100%
,,,,,,,,,,, 920 , 396 ,100%,100%,100%,100%,100%,100%,100%,99%,100%
,,,,,,,,,,, 921 , 396 ,100%,100%,100%,100%,100%,100%,100%,99%,100%
,,,,,,,,,,, 922 , 397 ,100%,100%,100%,100%,100%,100%,100%,99%,100%
,,,,,,,,,,, 923 , 397 ,100%,100%,100%,100%,100%,100%,100%,99%,100%
,,,,,,,,,,, 924 , 398 ,100%,100%,100%,100%,100%,100%,100%,99%,100%
,,,,,,,,,,, 925 , 398 ,100%,100%,100%,100%,100%,100%,100%,99%,100%
,,,,,,,,,,, 926 , 398 ,100%,100%,100%,100%,100%,100%,100%,99%,100%
,,,,,,,,,,, 927 , 399 ,100%,100%,100%,100%,100%,100%,100%,99%,100%
,,,,,,,,,,, 928 , 399 ,100%,100%,100%,100%,100%,100%,100%,99%,100%
,,,,,,,,,,, 929 , 400 ,100%,100%,100%,100%,100%,100%,100%,99%,100%
,,,,,,,,,,, 930 , 400 ,100%,100%,100%,100%,100%,100%,100%,99%,100%
,,,,,,,,,,, 931 , 400 ,100%,100%,100%,100%,100%,100%,100%,99%,100%
,,,,,,,,,,, 932 , 401 ,100%,100%,100%,100%,100%,100%,100%,99%,100%
,,,,,,,,,,, 933 , 401 ,100%,100%,100%,100%,100%,100%,100%,99%,100%
,,,,,,,,,,, 934 , 402 ,100%,100%,100%,100%,100%,100%,100%,99%,100%
,,,,,,,,,,, 935 , 402 ,100%,100%,100%,100%,100%,100%,100%,99%,100%
,,,,,,,,,,, 936 , 402 ,100%,100%,100%,100%,100%,100%,100%,99%,100%
,,,,,,,,,,, 937 , 403 ,100%,100%,100%,100%,100%,100%,100%,99%,100%
,,,,,,,,,,, 938 , 403 ,100%,100%,100%,100%,100%,100%,100%,99%,100%
,,,,,,,,,,, 939 , 404 ,100%,100%,100%,100%,100%,100%,100%,99%,100%
,,,,,,,,,,, 940 , 404 ,100%,100%,100%,100%,100%,100%,100%,99%,100%
,,,,,,,,,,, 941 , 405 ,100%,100%,100%,100%,100%,100%,100%,99%,100%
,,,,,,,,,,, 942 , 405 ,100%,100%,100%,100%,100%,100%,100%,99%,100%
,,,,,,,,,,, 943 , 405 ,100%,100%,100%,100%,100%,100%,100%,99%,100%
,,,,,,,,,,, 944 , 406 ,100%,100%,100%,100%,100%,100%,100%,99%,100%
,,,,,,,,,,, 945 , 406 ,100%,100%,100%,100%,100%,100%,100%,99%,100%
,,,,,,,,,,, 946 , 407 ,100%,100%,100%,100%,100%,100%,100%,99%,100%
,,,,,,,,,,, 947 , 407 ,100%,100%,100%,100%,100%,100%,100%,99%,100%
,,,,,,,,,,, 948 , 407 ,100%,100%,100%,100%,100%,100%,100%,99%,100%
,,,,,,,,,,, 949 , 408 ,100%,100%,100%,100%,100%,100%,100%,99%,100%
,,,,,,,,,,, 950 , 408 ,100%,100%,100%,100%,100%,100%,100%,99%,100%
,,,,,,,,,,, 951 , 409 ,100%,100%,100%,100%,100%,100%,100%,99%,100%
,,,,,,,,,,, 952 , 409 ,100%,100%,100%,100%,100%,100%,100%,99%,100%
,,,,,,,,,,, 953 , 410 ,100%,100%,100%,100%,100%,100%,100%,99%,100%
,,,,,,,,,,, 954 , 410 ,100%,100%,100%,100%,100%,100%,100%,99%,100%
,,,,,,,,,,, 955 , 410 ,100%,100%,100%,100%,100%,100%,100%,99%,100%
,,,,,,,,,,, 956 , 411 ,100%,100%,100%,100%,100%,100%,100%,99%,100%
,,,,,,,,,,, 957 , 411 ,100%,100%,100%,100%,100%,100%,100%,99%,100%
,,,,,,,,,,, 958 , 412 ,100%,100%,100%,100%,100%,100%,100%,99%,100%
,,,,,,,,,,, 959 , 412 ,100%,100%,100%,100%,100%,100%,100%,99%,100%
,,,,,,,,,,, 960 , 412 ,100%,100%,100%,100%,100%,100%,100%,99%,100%
,,,,,,,,,,, 961 , 413 ,100%,100%,100%,100%,100%,100%,100%,99%,100%
,,,,,,,,,,, 962 , 413 ,100%,100%,100%,100%,100%,100%,100%,99%,100%
,,,,,,,,,,, 963 , 414 ,100%,100%,100%,100%,100%,100%,100%,99%,100%
,,,,,,,,,,, 964 , 414 ,100%,100%,100%,100%,100%,100%,100%,99%,100%
,,,,,,,,,,, 965 , 414 ,100%,100%,100%,100%,100%,100%,100%,99%,100%
,,,,,,,,,,, 966 , 415 ,100%,100%,100%,100%,100%,100%,100%,99%,100%
,,,,,,,,,,, 967 , 415 ,100%,100%,100%,100%,100%,100%,100%,99%,100%
,,,,,,,,,,, 968 , 416 ,100%,100%,100%,100%,100%,100%,100%,99%,100%
,,,,,,,,,,, 969 , 416 ,100%,100%,100%,100%,100%,100%,100%,99%,100%
,,,,,,,,,,, 970 , 417 ,100%,100%,100%,100%,100%,100%,100%,99%,100%
,,,,,,,,,,, 971 , 417 ,100%,100%,100%,100%,100%,100%,100%,99%,100%
,,,,,,,,,,, 972 , 417 ,100%,100%,100%,100%,100%,100%,100%,99%,100%
,,,,,,,,,,, 973 , 418 ,100%,100%,100%,100%,100%,100%,100%,99%,100%
,,,,,,,,,,, 974 , 418 ,100%,100%,100%,100%,100%,100%,100%,99%,100%
,,,,,,,,,,, 975 , 419 ,100%,100%,100%,100%,100%,100%,100%,99%,100%
,,,,,,,,,,, 976 , 419 ,100%,100%,100%,100%,100%,100%,100%,99%,100%
,,,,,,,,,,, 977 , 419 ,100%,100%,100%,100%,100%,100%,100%,99%,100%
,,,,,,,,,,, 978 , 420 ,100%,100%,100%,100%,100%,100%,100%,99%,100%
,,,,,,,,,,, 979 , 420 ,100%,100%,100%,100%,100%,100%,100%,99%,100%
,,,,,,,,,,, 980 , 421 ,100%,100%,100%,100%,100%,100%,100%,99%,100%
,,,,,,,,,,, 981 , 421 ,100%,100%,100%,100%,100%,100%,100%,99%,100%
,,,,,,,,,,, 982 , 422 ,100%,100%,100%,100%,100%,100%,100%,99%,100%
,,,,,,,,,,, 983 , 422 ,100%,100%,100%,100%,100%,100%,100%,99%,100%
,,,,,,,,,,, 984 , 422 ,100%,100%,100%,100%,100%,100%,100%,99%,100%
,,,,,,,,,,, 985 , 423 ,100%,100%,100%,100%,100%,100%,100%,99%,100%
,,,,,,,,,,, 986 , 423 ,100%,100%,100%,100%,100%,100%,100%,99%,100%
,,,,,,,,,,, 987 , 424 ,100%,100%,100%,100%,100%,100%,100%,99%,100%
,,,,,,,,,,, 988 , 424 ,100%,100%,100%,100%,100%,100%,100%,99%,100%
,,,,,,,,,,, 989 , 424 ,100%,100%,100%,100%,100%,100%,100%,99%,100%
,,,,,,,,,,, 990 , 425 ,100%,100%,100%,100%,100%,100%,100%,99%,100%
,,,,,,,,,,, 991 , 425 ,100%,100%,100%,100%,100%,100%,100%,99%,100%
,,,,,,,,,,, 992 , 426 ,100%,100%,100%,100%,100%,100%,100%,99%,100%
,,,,,,,,,,, 993 , 426 ,100%,100%,100%,100%,100%,100%,100%,99%,100%
,,,,,,,,,,, 994 , 426 ,100%,100%,100%,100%,100%,100%,100%,99%,100%
,,,,,,,,,,, 995 , 427 ,100%,100%,100%,100%,100%,100%,100%,99%,100%
,,,,,,,,,,, 996 , 427 ,100%,100%,100%,100%,100%,100%,100%,99%,100%
,,,,,,,,,,, 997 , 428 ,100%,100%,100%,100%,100%,100%,100%,99%,100%
,,,,,,,,,,, 998 , 428 ,100%,100%,100%,100%,100%,100%,100%,99%,100%
,,,,,,,,,,, 999 , 429 ,100%,100%,100%,100%,100%,100%,100%,99%,100%
,,,,,,,,,,," 1,000 ", 429 ,100%,100%,100%,100%,100%,100%,100%,100%,100%
,,,,,,,,,,,, 858 ,,,,,,,,,
,,,,,,,,,,,,,,,,,,,,,
,,,,,,,,,,,,,,,,,,,,,
,,,,,,,,,,,,,,,,,,,,,
,,,,,,,,,,,,,,,,,,,,,
,,,,,,,,,,,,,,,,,,,,,
,,,,,,,,,,,,,,,,,,,,,
,,,,,,,,,,,,,,,,,,,,,
,,,,,,,,,,,,,,,,,,,,,
,,,,,,,,,,,,,,,,,,,,,
,,,,,,,,,,,,,,,,,,,,,
,,,,,,,,,,,,,,,,,,,,,
,,,,,,,,,,,,,,,,,,,,,
,,,,,,,,,,,,,,,,,,,,,
,,,,,,,,,,,,,,,,,,,,,
,,,,,,,,,,,,,,,,,,,,,
,,,,,,,,,,,,,,,,,,,,,
,,,,,,,,,,,,,,,,,,,,,
,,,,,,,,,,,,,,,,,,,,,
,,,,,,,,,,,,,,,,,,,,,
,,,,,,,,,,,,,,,,,,,,,
,,,,,,,,,,,,,,,,,,,,,
,,,,,,,,,,,,,,,,,,,,,
,,,,,,,,,,,,,,,,,,,,,
,,,,,,,,,,,,,,,,,,,,,
,,,,,,,,,,,,,,,,,,,,,
,,,,,,,,,,,,,,,,,,,,,
,,,,,,,,,,,,,,,,,,,,,
,,,,,,,,,,,,,,,,,,,,,
,,,,,,,,,,,,,,,,,,,,,
,,,,,,,,,,,,,,,,,,,,,
,,,,,,,,,,,,,,,,,,,,,
,,,,,,,,,,,,,,,,,,,,,
,,,,,,,,,,,,,,,,,,,,,
,,,,,,,,,,,,,,,,,,,,,
,,,,,,,,,,,,,,,,,,,,,
,,,,,,,,,,,,,,,,,,,,,
,,,,,,,,,,,,,,,,,,,,,
,,,,,,,,,,,,,,,,,,,,,
,,,,,,,,,,,,,,,,,,,,,
,,,,,,,,,,,,,,,,,,,,,
,,,,,,,,,,,,,,,,,,,,,
,,,,,,,,,,,,,,,,,,,,,
,,,,,,,,,,,,,,,,,,,,,
,,,,,,,,,,,,,,,,,,,,,
,,,,,,,,,,,,,,,,,,,,,
,,,,,,,,,,,,,,,,,,,,,
,,,,,,,,,,,,,,,,,,,,,
,,,,,,,,,,,,,,,,,,,,,
,,,,,,,,,,,,,,,,,,,,,
,,,,,,,,,,,,,,,,,,,,,
,,,,,,,,,,,,,,,,,,,,,
,,,,,,,,,,,,,,,,,,,,,
,,,,,,,,,,,,,,,,,,,,,
,,,,,,,,,,,,,,,,,,,,,
,,,,,,,,,,,,,,,,,,,,,
,,,,,,,,,,,,,,,,,,,,,
,,,,,,,,,,,,,,,,,,,,,
,,,,,,,,,,,,,,,,,,,,,
,,,,,,,,,,,,,,,,,,,,,
,,,,,,,,,,,,,,,,,,,,,
,,,,,,,,,,,,,,,,,,,,,
,,,,,,,,,,,,,,,,,,,,,
,,,,,,,,,,,,,,,,,,,,,
,,,,,,,,,,,,,,,,,,,,,
,,,,,,,,,,,,,,,,,,,,,
,,,,,,,,,,,,,,,,,,,,,
,,,,,,,,,,,,,,,,,,,,,
,,,,,,,,,,,,,,,,,,,,,
,,,,,,,,,,,,,,,,,,,,,
,,,,,,,,,,,,,,,,,,,,,
,,,,,,,,,,,,,,,,,,,,,
,,,,,,,,,,,,,,,,,,,,,
,,,,,,,,,,,,,,,,,,,,,
,,,,,,,,,,,,,,,,,,,,,
,,,,,,,,,,,,,,,,,,,,,
,,,,,,,,,,,,,,,,,,,,,
,,,,,,,,,,,,,,,,,,,,,
,,,,,,,,,,,,,,,,,,,,,
,,,,,,,,,,,,,,,,,,,,,
,,,,,,,,,,,,,,,,,,,,,
,,,,,,,,,,,,,,,,,,,,,
,,,,,,,,,,,,,,,,,,,,,
,,,,,,,,,,,,,,,,,,,,,
,,,,,,,,,,,,,,,,,,,,,
,,,,,,,,,,,,,,,,,,,,,
,,,,,,,,,,,,,,,,,,,,,
,,,,,,,,,,,,,,,,,,,,,
,,,,,,,,,,,,,,,,,,,,,
,,,,,,,,,,,,,,,,,,,,,
,,,,,,,,,,,,,,,,,,,,,
,,,,,,,,,,,,,,,,,,,,,
,,,,,,,,,,,,,,,,,,,,,
,,,,,,,,,,,,,,,,,,,,,
,,,,,,,,,,,,,,,,,,,,,
,,,,,,,,,,,,,,,,,,,,,
,,,,,,,,,,,,,,,,,,,,,
,,,,,,,,,,,,,,,,,,,,,
,,,,,,,,,,,,,,,,,,,,,
,,,,,,,,,,,,,,,,,,,,,
,,,,,,,,,,,,,,,,,,,,,
,,,,,,,,,,,,,,,,,,,,,
,,,,,,,,,,,,,,,,,,,,,
,,,,,,,,,,,,,,,,,,,,,
,,,,,,,,,,,,,,,,,,,,,
,,,,,,,,,,,,,,,,,,,,,
,,,,,,,,,,,,,,,,,,,,,
,,,,,,,,,,,,,,,,,,,,,
,,,,,,,,,,,,,,,,,,,,,
,,,,,,,,,,,,,,,,,,,,,
,,,,,,,,,,,,,,,,,,,,,
,,,,,,,,,,,,,,,,,,,,,
,,,,,,,,,,,,,,,,,,,,,
,,,,,,,,,,,,,,,,,,,,,
,,,,,,,,,,,,,,,,,,,,,
,,,,,,,,,,,,,,,,,,,,,
,,,,,,,,,,,,,,,,,,,,,
,,,,,,,,,,,,,,,,,,,,,
,,,,,,,,,,,,,,,,,,,,,
,,,,,,,,,,,,,,,,,,,,,
,,,,,,,,,,,,,,,,,,,,,
,,,,,,,,,,,,,,,,,,,,,
,,,,,,,,,,,,,,,,,,,,,
,,,,,,,,,,,,,,,,,,,,,
,,,,,,,,,,,,,,,,,,,,,
,,,,,,,,,,,,,,,,,,,,,
,,,,,,,,,,,,,,,,,,,,,
,,,,,,,,,,,,,,,,,,,,,
,,,,,,,,,,,,,,,,,,,,,
,,,,,,,,,,,,,,,,,,,,,
,,,,,,,,,,,,,,,,,,,,,
,,,,,,,,,,,,,,,,,,,,,
,,,,,,,,,,,,,,,,,,,,,
,,,,,,,,,,,,,,,,,,,,,
,,,,,,,,,,,,,,,,,,,,,
,,,,,,,,,,,,,,,,,,,,,
,,,,,,,,,,,,,,,,,,,,,
,,,,,,,,,,,,,,,,,,,,,
,,,,,,,,,,,,,,,,,,,,,
,,,,,,,,,,,,,,,,,,,,,
,,,,,,,,,,,,,,,,,,,,,
,,,,,,,,,,,,,,,,,,,,,
,,,,,,,,,,,,,,,,,,,,,
,,,,,,,,,,,,,,,,,,,,,
,,,,,,,,,,,,,,,,,,,,,
,,,,,,,,,,,,,,,,,,,,,
,,,,,,,,,,,,,,,,,,,,,
,,,,,,,,,,,,,,,,,,,,,
,,,,,,,,,,,,,,,,,,,,,
,,,,,,,,,,,,,,,,,,,,,
,,,,,,,,,,,,,,,,,,,,,
,,,,,,,,,,,,,,,,,,,,,
,,,,,,,,,,,,,,,,,,,,,
,,,,,,,,,,,,,,,,,,,,,
,,,,,,,,,,,,,,,,,,,,,
,,,,,,,,,,,,,,,,,,,,,
,,,,,,,,,,,,,,,,,,,,,
,,,,,,,,,,,,,,,,,,,,,
,,,,,,,,,,,,,,,,,,,,,
,,,,,,,,,,,,,,,,,,,,,
,,,,,,,,,,,,,,,,,,,,,
,,,,,,,,,,,,,,,,,,,,,
,,,,,,,,,,,,,,,,,,,,,
,,,,,,,,,,,,,,,,,,,,,
,,,,,,,,,,,,,,,,,,,,,
,,,,,,,,,,,,,,,,,,,,,
,,,,,,,,,,,,,,,,,,,,,
,,,,,,,,,,,,,,,,,,,,,
,,,,,,,,,,,,,,,,,,,,,
,,,,,,,,,,,,,,,,,,,,,
,,,,,,,,,,,,,,,,,,,,,
,,,,,,,,,,,,,,,,,,,,,
,,,,,,,,,,,,,,,,,,,,,
,,,,,,,,,,,,,,,,,,,,,
,,,,,,,,,,,,,,,,,,,,,
,,,,,,,,,,,,,,,,,,,,,
,,,,,,,,,,,,,,,,,,,,,
,,,,,,,,,,,,,,,,,,,,,
,,,,,,,,,,,,,,,,,,,,,
,,,,,,,,,,,,,,,,,,,,,
,,,,,,,,,,,,,,,,,,,,,
,,,,,,,,,,,,,,,,,,,,,
,,,,,,,,,,,,,,,,,,,,,
,,,,,,,,,,,,,,,,,,,,,
,,,,,,,,,,,,,,,,,,,,,
,,,,,,,,,,,,,,,,,,,,,
,,,,,,,,,,,,,,,,,,,,,
,,,,,,,,,,,,,,,,,,,,,
,,,,,,,,,,,,,,,,,,,,,
,,,,,,,,,,,,,,,,,,,,,
,,,,,,,,,,,,,,,,,,,,,
,,,,,,,,,,,,,,,,,,,,,
,,,,,,,,,,,,,,,,,,,,,
,,,,,,,,,,,,,,,,,,,,,
,,,,,,,,,,,,,,,,,,,,,
,,,,,,,,,,,,,,,,,,,,,
,,,,,,,,,,,,,,,,,,,,,
,,,,,,,,,,,,,,,,,,,,,
,,,,,,,,,,,,,,,,,,,,,
,,,,,,,,,,,,,,,,,,,,,
,,,,,,,,,,,,,,,,,,,,,
,,,,,,,,,,,,,,,,,,,,,
,,,,,,,,,,,,,,,,,,,,,
,,,,,,,,,,,,,,,,,,,,,
,,,,,,,,,,,,,,,,,,,,,
,,,,,,,,,,,,,,,,,,,,,
,,,,,,,,,,,,,,,,,,,,,
,,,,,,,,,,,,,,,,,,,,,
,,,,,,,,,,,,,,,,,,,,,
,,,,,,,,,,,,,,,,,,,,,
,,,,,,,,,,,,,,,,,,,,,
,,,,,,,,,,,,,,,,,,,,,
,,,,,,,,,,,,,,,,,,,,,
